id,street,city,state,zipCode
1,Fallview,Minneapolis,Minnesota,88033
2,Esker,Pensacola,Florida,49436
3,High Crossing,New Orleans,Louisiana,72464
4,Coolidge,Boston,Massachusetts,74488
5,Jana,Rochester,New York,55413
6,Debra,Kansas City,Missouri,91644
7,Maple Wood,Texarkana,Texas,28876
8,Macpherson,Burbank,California,41796
9,Kennedy,San Francisco,California,76889
10,Annamark,Washington,District of Columbia,62466
11,Mcguire,Louisville,Kentucky,80493
12,Riverside,Kansas City,Kansas,07562
13,Lerdahl,Austin,Texas,33745
14,Mosinee,Washington,District of Columbia,19745
15,Kenwood,Humble,Texas,57567
16,Thierer,Detroit,Michigan,46643
17,Holy Cross,San Francisco,California,18069
18,East,New York City,New York,94917
19,Morningstar,New York City,New York,47936
20,Farragut,Stockton,California,47270
21,Killdeer,Fresno,California,49488
22,Bartelt,Oakland,California,88610
23,Paget,Rochester,New York,21878
24,Karstens,Cincinnati,Ohio,71008
25,Meadow Vale,Brooklyn,New York,61627
26,Merchant,Vero Beach,Florida,86515
27,Farragut,Boston,Massachusetts,51567
28,Stuart,Mount Vernon,New York,11874
29,Hollow Ridge,Louisville,Kentucky,97621
30,Sullivan,Los Angeles,California,19444
31,Knutson,Oxnard,California,34527
32,Dapin,Houston,Texas,47312
33,Hudson,Colorado Springs,Colorado,80920
34,Manitowish,Kansas City,Kansas,22043
35,Rowland,Paterson,New Jersey,86545
36,Nobel,Saint Paul,Minnesota,10610
37,Buena Vista,Houston,Texas,39218
38,Scofield,Myrtle Beach,South Carolina,50044
39,Northview,Philadelphia,Pennsylvania,40206
40,Green Ridge,New York City,New York,57076
41,Northridge,Des Moines,Iowa,36224
42,Parkside,Cincinnati,Ohio,70252
43,Mayfield,Washington,District of Columbia,83674
44,Ramsey,Cincinnati,Ohio,65458
45,Anniversary,Pittsburgh,Pennsylvania,00465
46,Lyons,New Castle,Pennsylvania,94154
47,Muir,Texarkana,Texas,56249
48,Jay,Des Moines,Iowa,36235
49,Miller,Washington,District of Columbia,31810
50,Tennessee,San Antonio,Texas,98786
51,Warbler,North Little Rock,Arkansas,63250
52,Upham,Tuscaloosa,Alabama,14812
53,Grasskamp,Albuquerque,New Mexico,96787
54,Chive,Norfolk,Virginia,86168
55,American,Kansas City,Missouri,95149
56,Ohio,Anchorage,Alaska,85302
57,Troy,Irvine,California,62297
58,Loeprich,Dayton,Ohio,81055
59,Transport,Columbus,Ohio,36844
60,Sachtjen,Shawnee Mission,Kansas,13566
61,Linden,Toledo,Ohio,73142
62,Mcguire,Albany,New York,57961
63,Jana,Richmond,Virginia,83513
64,Dovetail,Charlotte,North Carolina,61070
65,Straubel,Virginia Beach,Virginia,14111
66,Norway Maple,Saint Louis,Missouri,98479
67,Lakewood,Montgomery,Alabama,64349
68,Toban,Macon,Georgia,19282
69,Sugar,Portland,Oregon,61245
70,Crowley,Milwaukee,Wisconsin,76564
71,Myrtle,Washington,District of Columbia,72937
72,Lighthouse Bay,Camden,New Jersey,98279
73,Loftsgordon,Las Vegas,Nevada,41742
74,Packers,Kansas City,Kansas,33996
75,Cherokee,Virginia Beach,Virginia,49592
76,Homewood,Brooklyn,New York,80227
77,Kipling,Kingsport,Tennessee,62455
78,Carioca,Burbank,California,64935
79,Kim,San Jose,California,43073
80,Emmet,Washington,District of Columbia,06540
81,Commercial,Boston,Massachusetts,74735
82,Moland,Hyattsville,Maryland,36788
83,Nobel,Simi Valley,California,54415
84,Messerschmidt,Long Beach,California,30453
85,Carey,San Francisco,California,66326
86,Mandrake,Provo,Utah,98798
87,Memorial,Carol Stream,Illinois,55371
88,Browning,Louisville,Kentucky,29044
89,Everett,Ashburn,Virginia,66908
90,Kennedy,New York City,New York,90657
91,Bluejay,Cincinnati,Ohio,16305
92,Schiller,Phoenix,Arizona,97734
93,Victoria,Houston,Texas,32042
94,Warbler,Cincinnati,Ohio,08651
95,Graedel,Buffalo,New York,12898
96,Bonner,Rochester,New York,21128
97,Carberry,Roanoke,Virginia,04663
98,Hagan,Denver,Colorado,02548
99,Dovetail,New York City,New York,35498
100,Chinook,Fayetteville,North Carolina,86200
101,Old Gate,Marietta,Georgia,74235
102,Prairie Rose,Detroit,Michigan,90543
103,Oxford,Fresno,California,52936
104,Haas,Albany,New York,71301
105,Pankratz,Las Vegas,Nevada,59958
106,Loomis,Stamford,Connecticut,27123
107,Manitowish,Boston,Massachusetts,32194
108,Hovde,Boise,Idaho,15556
109,Bayside,Philadelphia,Pennsylvania,58432
110,Stang,Knoxville,Tennessee,09441
111,Main,Irvine,California,09954
112,Hayes,Worcester,Massachusetts,24361
113,Anniversary,Alexandria,Virginia,99266
114,Kingsford,Dayton,Ohio,71342
115,Weeping Birch,Topeka,Kansas,97758
116,Sherman,Wilmington,North Carolina,16605
117,Graceland,Redwood City,California,11999
118,South,Kalamazoo,Michigan,61723
119,Mandrake,Davenport,Iowa,77490
120,Sherman,Philadelphia,Pennsylvania,49352
121,Michigan,Greensboro,North Carolina,99924
122,Merchant,Arlington,Virginia,06905
123,Village,Milwaukee,Wisconsin,36307
124,Elmside,Bloomington,Indiana,98133
125,Erie,New Haven,Connecticut,97540
126,Declaration,Tuscaloosa,Alabama,20972
127,Cambridge,Richmond,Virginia,76023
128,Elmside,Alpharetta,Georgia,96826
129,Kim,Corpus Christi,Texas,05479
130,Sachtjen,New York City,New York,24088
131,Messerschmidt,Hartford,Connecticut,73539
132,Butternut,Duluth,Georgia,10749
133,Cascade,Minneapolis,Minnesota,81677
134,Starling,Lakeland,Florida,33139
135,Eagan,Florence,South Carolina,96044
136,Village,Ridgely,Maryland,49405
137,Waywood,Boston,Massachusetts,80657
138,New Castle,Hialeah,Florida,40998
139,Mitchell,Young America,Minnesota,27286
140,Crownhardt,Terre Haute,Indiana,22209
141,Rowland,Berkeley,California,09020
142,Delladonna,Arlington,Virginia,15085
143,Dahle,Indianapolis,Indiana,27321
144,Trailsway,Los Angeles,California,58478
145,Crownhardt,Roanoke,Virginia,28253
146,Swallow,Youngstown,Ohio,91280
147,Sachtjen,Santa Fe,New Mexico,69838
148,Westend,Carson City,Nevada,85603
149,Columbus,Tampa,Florida,05267
150,Gale,Topeka,Kansas,93068
151,Carberry,Orlando,Florida,64780
152,Judy,Pasadena,California,16947
153,Prentice,Huntington,West Virginia,56888
154,Warrior,Cincinnati,Ohio,10345
155,Rutledge,Cincinnati,Ohio,83410
156,Miller,Saginaw,Michigan,14942
157,Birchwood,Huntington,West Virginia,41379
158,Sherman,Knoxville,Tennessee,29342
159,Dovetail,Bonita Springs,Florida,98097
160,Old Gate,Charleston,South Carolina,67970
161,La Follette,El Paso,Texas,94238
162,Lindbergh,Dayton,Ohio,50558
163,Orin,Mobile,Alabama,82595
164,7th,Memphis,Tennessee,32168
165,Main,Phoenix,Arizona,11876
166,Sachs,San Antonio,Texas,05957
167,Schlimgen,Indianapolis,Indiana,66752
168,Park Meadow,Stockton,California,40597
169,West,Bradenton,Florida,91638
170,Paget,Alhambra,California,42263
171,Alpine,Baton Rouge,Louisiana,63252
172,Heffernan,Mc Keesport,Pennsylvania,27909
173,Westend,Washington,District of Columbia,68873
174,Delladonna,Sacramento,California,60717
175,Lotheville,Hagerstown,Maryland,87796
176,Ridgeview,Saint Paul,Minnesota,52047
177,Sachtjen,Jamaica,New York,79791
178,Cherokee,Atlanta,Georgia,14850
179,Grover,San Jose,California,08253
180,Troy,Lubbock,Texas,76387
181,Scofield,Washington,District of Columbia,50919
182,Sherman,Philadelphia,Pennsylvania,03308
183,Luster,Orlando,Florida,57115
184,Corscot,New York City,New York,62040
185,Prentice,Colorado Springs,Colorado,29025
186,Debra,Evansville,Indiana,26879
187,Lukken,Des Moines,Iowa,40932
188,1st,Akron,Ohio,22610
189,Brickson Park,Glendale,Arizona,44567
190,Ruskin,Grand Rapids,Michigan,84578
191,Welch,Fullerton,California,69846
192,Northridge,Roanoke,Virginia,89448
193,Manley,Omaha,Nebraska,92653
194,Valley Edge,Philadelphia,Pennsylvania,90138
195,Jana,Dallas,Texas,91266
196,Melvin,Chicago,Illinois,44763
197,Iowa,Saint Louis,Missouri,35501
198,Victoria,Richmond,Virginia,23655
199,Roth,Tulsa,Oklahoma,36278
200,Cottonwood,Atlanta,Georgia,99411
201,Beilfuss,Buffalo,New York,30551
202,Karstens,Denver,Colorado,29263
203,High Crossing,Oklahoma City,Oklahoma,46349
204,Northfield,New York City,New York,02896
205,Debs,Orlando,Florida,67656
206,Waubesa,New Castle,Pennsylvania,61230
207,Judy,Buffalo,New York,19740
208,Melody,New York City,New York,68424
209,Gateway,Monticello,Minnesota,28584
210,Randy,Henderson,Nevada,47475
211,International,Anchorage,Alaska,76212
212,Hooker,Montgomery,Alabama,56242
213,Sachtjen,Santa Fe,New Mexico,79192
214,Northridge,Jefferson City,Missouri,26726
215,Nancy,Iowa City,Iowa,32243
216,Derek,San Antonio,Texas,02206
217,Brown,Kingsport,Tennessee,01127
218,Kenwood,El Paso,Texas,36386
219,Bonner,Englewood,Colorado,12373
220,Schlimgen,Huntington,West Virginia,49066
221,Sugar,Buffalo,New York,06336
222,Prentice,San Jose,California,16845
223,Marquette,Schaumburg,Illinois,21793
224,Wayridge,Northridge,California,93112
225,Coleman,Pasadena,California,81707
226,Charing Cross,Memphis,Tennessee,86100
227,Grim,Albany,Georgia,27620
228,Arrowood,Boston,Massachusetts,79336
229,Maywood,Tempe,Arizona,83835
230,Goodland,San Antonio,Texas,38818
231,Superior,Riverside,California,23272
232,Commercial,Abilene,Texas,61542
233,Iowa,Midland,Michigan,80716
234,Sommers,Salt Lake City,Utah,13126
235,Independence,Houston,Texas,17391
236,1st,Wilmington,North Carolina,13101
237,Little Fleur,Albuquerque,New Mexico,57571
238,Pennsylvania,Washington,District of Columbia,93770
239,Lindbergh,Lehigh Acres,Florida,16095
240,Springs,Saint Paul,Minnesota,02636
241,John Wall,Durham,North Carolina,66692
242,Vidon,Springfield,Missouri,50359
243,Lakewood,Oceanside,California,08759
244,Grim,Houston,Texas,21429
245,Nobel,Johnson City,Tennessee,36641
246,Ridgeway,Port Charlotte,Florida,98213
247,Pennsylvania,Saint Paul,Minnesota,40563
248,Pierstorff,London,Kentucky,00697
249,Kenwood,Pensacola,Florida,37636
250,Trailsway,Bronx,New York,18037
251,Badeau,Cincinnati,Ohio,59442
252,Onsgard,Huntington,West Virginia,09231
253,Summer Ridge,Anaheim,California,86505
254,Summer Ridge,Palm Bay,Florida,28585
255,Superior,Los Angeles,California,77175
256,Manley,Saint Louis,Missouri,09730
257,Corben,Paterson,New Jersey,89827
258,Eastwood,Garland,Texas,93095
259,Moland,Scottsdale,Arizona,82777
260,Westerfield,Lincoln,Nebraska,16018
261,Brown,Fort Lauderdale,Florida,24609
262,Ruskin,Atlanta,Georgia,14042
263,Northport,Lexington,Kentucky,92990
264,Rusk,Cape Coral,Florida,76416
265,Westridge,Saint Augustine,Florida,35203
266,Kedzie,Hollywood,Florida,59151
267,Waxwing,New York City,New York,61450
268,Golf,Denver,Colorado,09979
269,Monica,San Diego,California,31304
270,8th,Springfield,Illinois,84646
271,Atwood,Tuscaloosa,Alabama,20949
272,Warner,Philadelphia,Pennsylvania,26853
273,Monument,Bradenton,Florida,86159
274,Waubesa,Fort Worth,Texas,43546
275,Harbort,Mobile,Alabama,16944
276,Barnett,Memphis,Tennessee,56057
277,Randy,West Palm Beach,Florida,67572
278,Susan,Miami,Florida,56710
279,Clemons,Cincinnati,Ohio,61539
280,Gateway,Laredo,Texas,28906
281,Fuller,Washington,District of Columbia,51661
282,Everett,Monroe,Louisiana,38957
283,Sauthoff,Phoenix,Arizona,51399
284,Pepper Wood,Montgomery,Alabama,81470
285,Comanche,Baltimore,Maryland,64529
286,Forest Run,Chattanooga,Tennessee,62091
287,Delaware,Ventura,California,34750
288,Londonderry,Lafayette,Louisiana,99775
289,Lotheville,Watertown,Massachusetts,99864
290,Westend,Des Moines,Iowa,57702
291,Briar Crest,Jamaica,New York,81937
292,Brentwood,Worcester,Massachusetts,31134
293,Buell,Dallas,Texas,10485
294,Garrison,Memphis,Tennessee,49605
295,Chinook,Kansas City,Missouri,31825
296,Londonderry,Raleigh,North Carolina,04136
297,Marcy,Atlanta,Georgia,66834
298,Kipling,Prescott,Arizona,30047
299,Lighthouse Bay,Salt Lake City,Utah,01286
300,Clemons,Oklahoma City,Oklahoma,23461
301,Canary,Bronx,New York,20447
302,Lyons,Los Angeles,California,56189
303,Helena,Murfreesboro,Tennessee,95490
304,Duke,Charlotte,North Carolina,40162
305,Dakota,Nashville,Tennessee,33716
306,1st,Fort Worth,Texas,61706
307,Nancy,San Antonio,Texas,29931
308,Grasskamp,New Haven,Connecticut,78840
309,Dapin,Anchorage,Alaska,69918
310,Merchant,Washington,District of Columbia,76898
311,Harbort,Tampa,Florida,56020
312,Westridge,Zephyrhills,Florida,46258
313,Grim,Palmdale,California,13465
314,Melby,Lancaster,Pennsylvania,37325
315,Muir,Lakeland,Florida,09480
316,Florence,Memphis,Tennessee,81663
317,Hauk,Vienna,Virginia,12878
318,Prairie Rose,Birmingham,Alabama,59503
319,Sunbrook,Saint Louis,Missouri,27671
320,Chive,Providence,Rhode Island,72651
321,Eggendart,Jeffersonville,Indiana,36249
322,Blackbird,Fort Wayne,Indiana,74155
323,Hoard,Tulsa,Oklahoma,62613
324,Brown,Canton,Ohio,16387
325,Harbort,Raleigh,North Carolina,42469
326,Tony,Washington,District of Columbia,45020
327,Hoffman,Saint Petersburg,Florida,30257
328,Tony,Albany,Georgia,66957
329,Macpherson,Seattle,Washington,64976
330,Oakridge,Hartford,Connecticut,25651
331,Bluejay,Aurora,Illinois,56858
332,Vahlen,South Bend,Indiana,09035
333,Petterle,Roanoke,Virginia,18768
334,Stuart,Sioux City,Iowa,71187
335,Lunder,Atlanta,Georgia,59221
336,Nova,Greensboro,North Carolina,98076
337,Mitchell,Raleigh,North Carolina,70619
338,Bunting,Burbank,California,70565
339,Haas,Raleigh,North Carolina,23750
340,Garrison,Wilmington,Delaware,87980
341,Alpine,Jacksonville,Florida,75650
342,Spohn,Bakersfield,California,67286
343,Maple Wood,Cincinnati,Ohio,21423
344,Fremont,Baton Rouge,Louisiana,04580
345,Canary,Newark,New Jersey,43324
346,Valley Edge,El Paso,Texas,48880
347,Crownhardt,Newark,New Jersey,16012
348,Thackeray,Dayton,Ohio,49328
349,Aberg,Bradenton,Florida,52004
350,Moland,Madison,Wisconsin,64033
351,Rieder,Saint Louis,Missouri,51586
352,Bay,Denver,Colorado,17501
353,Northwestern,Chicago,Illinois,22149
354,Mccormick,Decatur,Georgia,62918
355,Riverside,Chicago,Illinois,65465
356,Duke,Sacramento,California,32047
357,Farwell,Shreveport,Louisiana,78224
358,Talisman,Wilmington,Delaware,45720
359,Atwood,New York City,New York,84789
360,Summit,Columbia,South Carolina,26563
361,Roxbury,Portland,Oregon,34727
362,Mifflin,New Orleans,Louisiana,25474
363,Sommers,Austin,Texas,07244
364,Marcy,Cleveland,Ohio,20248
365,Butterfield,Springfield,Illinois,75257
366,Maywood,Fort Wayne,Indiana,24960
367,Pearson,Naples,Florida,25121
368,Carey,Fairfax,Virginia,48022
369,Crescent Oaks,Shawnee Mission,Kansas,49654
370,Pleasure,Houston,Texas,79715
371,Helena,Portland,Oregon,10429
372,Shopko,Fullerton,California,80060
373,Esker,Valdosta,Georgia,17949
374,Pankratz,Fresno,California,14514
375,Holy Cross,Saint Louis,Missouri,10224
376,Clarendon,Dallas,Texas,18933
377,Delaware,Saint Louis,Missouri,84159
378,Thackeray,Lincoln,Nebraska,52685
379,American,Charlottesville,Virginia,33125
380,Homewood,Amarillo,Texas,47289
381,Dovetail,Lafayette,Indiana,86670
382,Scoville,Yakima,Washington,10275
383,Saint Paul,Detroit,Michigan,77928
384,Fordem,Madison,Wisconsin,63977
385,Division,El Paso,Texas,77101
386,Autumn Leaf,Fort Wayne,Indiana,21880
387,Nevada,Toledo,Ohio,69549
388,Porter,Fort Lauderdale,Florida,72804
389,Ridgeview,Las Vegas,Nevada,82016
390,Bashford,Saint Paul,Minnesota,57348
391,Sutherland,Arlington,Virginia,74391
392,Killdeer,Tacoma,Washington,15732
393,Grim,Washington,District of Columbia,50160
394,Becker,Oakland,California,95297
395,Thompson,Port Washington,New York,06963
396,Laurel,White Plains,New York,53604
397,Loftsgordon,South Bend,Indiana,47743
398,Vidon,New Orleans,Louisiana,87993
399,Center,Irvine,California,15180
400,La Follette,Colorado Springs,Colorado,74528
401,Thackeray,El Paso,Texas,09378
402,Lotheville,Richmond,Virginia,94142
403,Daystar,Staten Island,New York,35842
404,Sycamore,Irving,Texas,92923
405,Oakridge,Louisville,Kentucky,73254
406,Florence,Akron,Ohio,55835
407,Moland,Tampa,Florida,90985
408,Utah,Kansas City,Missouri,74378
409,Trailsway,Dallas,Texas,55743
410,Northview,New York City,New York,96043
411,Bashford,Springfield,Illinois,98878
412,Prentice,Lincoln,Nebraska,62518
413,Rutledge,Memphis,Tennessee,49490
414,John Wall,Brooklyn,New York,80145
415,Moulton,Longview,Texas,94179
416,Lien,Rochester,New York,90764
417,Mallory,Las Vegas,Nevada,60997
418,Eagan,Pensacola,Florida,59084
419,Cascade,Wichita Falls,Texas,78868
420,Hermina,Rochester,New York,55254
421,Manufacturers,San Francisco,California,69083
422,Burning Wood,Macon,Georgia,80153
423,Scofield,Columbia,South Carolina,64439
424,Warbler,Orange,California,13621
425,Pond,Garland,Texas,49081
426,Old Shore,Washington,District of Columbia,13706
427,Quincy,Chicago,Illinois,82392
428,Sloan,Dallas,Texas,21328
429,Oriole,Orlando,Florida,87387
430,Lerdahl,Troy,Michigan,36765
431,Green,Chicago,Illinois,26796
432,Schmedeman,Mountain View,California,45036
433,Carioca,Stamford,Connecticut,55688
434,Merry,Washington,District of Columbia,89468
435,High Crossing,Reno,Nevada,03946
436,Norway Maple,Virginia Beach,Virginia,27274
437,Sutteridge,Lincoln,Nebraska,67926
438,Sutteridge,Honolulu,Hawaii,16309
439,Morning,Indianapolis,Indiana,57015
440,Pleasure,Knoxville,Tennessee,17018
441,Lyons,Newport Beach,California,05019
442,Vera,Buffalo,New York,64125
443,Victoria,New Orleans,Louisiana,18113
444,Heath,Birmingham,Alabama,77937
445,Oneill,Temple,Texas,85744
446,Carberry,Montgomery,Alabama,59643
447,Cody,Pittsburgh,Pennsylvania,25027
448,Nelson,Washington,District of Columbia,10497
449,Schlimgen,Huntington,West Virginia,85094
450,Susan,Seattle,Washington,61784
451,Rusk,Santa Clara,California,79603
452,Manley,Worcester,Massachusetts,10885
453,Scott,Portsmouth,New Hampshire,53191
454,Forest Dale,Little Rock,Arkansas,79575
455,Havey,Rochester,New York,33789
456,Parkside,Albuquerque,New Mexico,46190
457,Heffernan,Colorado Springs,Colorado,52932
458,Stephen,Peoria,Illinois,92020
459,Kim,North Little Rock,Arkansas,05746
460,Sullivan,Annapolis,Maryland,49899
461,Armistice,Fort Worth,Texas,50928
462,Veith,Norfolk,Virginia,82293
463,Prairieview,Minneapolis,Minnesota,44970
464,Fulton,Los Angeles,California,13893
465,Miller,Lincoln,Nebraska,30812
466,Bultman,San Bernardino,California,41522
467,Burrows,San Francisco,California,82002
468,Merchant,Escondido,California,28630
469,Anderson,Albuquerque,New Mexico,02327
470,Bashford,Troy,Michigan,26340
471,Sloan,Lakeland,Florida,46984
472,Glacier Hill,Atlanta,Georgia,05185
473,Old Shore,Miami,Florida,20338
474,La Follette,Naples,Florida,60395
475,Oneill,Pensacola,Florida,78519
476,Meadow Ridge,Columbus,Ohio,94425
477,Nevada,Portsmouth,New Hampshire,68210
478,Sherman,El Paso,Texas,15615
479,Texas,El Paso,Texas,40469
480,Magdeline,Miami,Florida,93774
481,Heath,Philadelphia,Pennsylvania,75837
482,Fordem,Columbia,South Carolina,18004
483,Northport,El Paso,Texas,26831
484,Mariners Cove,Fort Worth,Texas,21449
485,Hollow Ridge,Fort Smith,Arkansas,76716
486,Becker,Worcester,Massachusetts,66617
487,Summer Ridge,Charleston,West Virginia,09646
488,Fuller,Albuquerque,New Mexico,83359
489,Division,Cleveland,Ohio,51887
490,Sheridan,Colorado Springs,Colorado,51318
491,Talisman,Charleston,West Virginia,09182
492,Swallow,Wilkes Barre,Pennsylvania,81337
493,Steensland,Saint Paul,Minnesota,71294
494,Debs,San Diego,California,45257
495,Donald,Peoria,Illinois,35952
496,Shelley,Chicago,Illinois,46100
497,Northridge,Canton,Ohio,83174
498,Tennyson,Wilmington,Delaware,63897
499,Killdeer,Shawnee Mission,Kansas,06485
500,Little Fleur,Buffalo,New York,98508
501,Briar Crest,Louisville,Kentucky,30294
502,Mallory,Oklahoma City,Oklahoma,57359
503,Wayridge,Fort Wayne,Indiana,77064
504,Meadow Valley,Oklahoma City,Oklahoma,74902
505,Browning,Grand Rapids,Michigan,64159
506,Blue Bill Park,Little Rock,Arkansas,40208
507,Transport,Sioux Falls,South Dakota,74262
508,Grasskamp,San Antonio,Texas,98050
509,Express,New York City,New York,67628
510,Almo,Little Rock,Arkansas,84308
511,Chinook,Memphis,Tennessee,72789
512,Wayridge,Mobile,Alabama,03541
513,David,Lakewood,Washington,22948
514,Elmside,Vero Beach,Florida,82125
515,Lukken,Minneapolis,Minnesota,94390
516,Buena Vista,Atlanta,Georgia,00363
517,Shopko,Charlotte,North Carolina,36656
518,Jana,Odessa,Texas,11081
519,Pond,Canton,Ohio,64832
520,Westridge,Atlanta,Georgia,32817
521,Pine View,Columbia,South Carolina,36954
522,Johnson,Fort Lauderdale,Florida,09258
523,Fordem,Dallas,Texas,37811
524,Holmberg,York,Pennsylvania,86687
525,Vera,Beaverton,Oregon,04266
526,Meadow Ridge,San Francisco,California,28781
527,Little Fleur,Arlington,Virginia,38852
528,Esch,Gadsden,Alabama,39045
529,Sachs,Port Washington,New York,25160
530,Sundown,Abilene,Texas,65251
531,Clyde Gallagher,Harrisburg,Pennsylvania,54955
532,Fremont,Phoenix,Arizona,18074
533,Birchwood,Albany,New York,81637
534,Washington,Boise,Idaho,84505
535,Laurel,Detroit,Michigan,23712
536,Reinke,Denver,Colorado,85782
537,Superior,Tulsa,Oklahoma,45609
538,Warner,Jackson,Mississippi,63133
539,Graedel,San Antonio,Texas,52919
540,Lunder,Atlanta,Georgia,23413
541,Manufacturers,San Diego,California,88483
542,Clemons,Vero Beach,Florida,02027
543,Heath,Kingsport,Tennessee,50459
544,Valley Edge,Camden,New Jersey,05131
545,Dahle,Atlanta,Georgia,12084
546,Luster,New York City,New York,71016
547,Scoville,Kansas City,Missouri,48127
548,Lyons,Amarillo,Texas,72331
549,Forster,Topeka,Kansas,08458
550,Sutherland,Washington,District of Columbia,89412
551,Clove,Fort Collins,Colorado,31268
552,Oneill,Denver,Colorado,80665
553,Tennyson,Seattle,Washington,71471
554,Katie,Montgomery,Alabama,25591
555,Schiller,San Bernardino,California,40509
556,2nd,Richmond,Virginia,71059
557,Packers,Washington,District of Columbia,06955
558,Saint Paul,South Bend,Indiana,47207
559,Prairieview,Las Vegas,Nevada,61977
560,Tomscot,Staten Island,New York,45793
561,Brown,Atlanta,Georgia,19519
562,Starling,Wichita,Kansas,97632
563,Schiller,Colorado Springs,Colorado,46046
564,Colorado,Grand Forks,North Dakota,52101
565,Hallows,Dallas,Texas,81702
566,Crescent Oaks,Norfolk,Virginia,76066
567,Johnson,Glendale,California,12164
568,Birchwood,Clearwater,Florida,71331
569,Debs,Philadelphia,Pennsylvania,09348
570,Sheridan,Springfield,Illinois,81383
571,Forster,Greenville,South Carolina,25927
572,Roth,New Orleans,Louisiana,30700
573,Mesta,Charleston,West Virginia,25031
574,Waxwing,Indianapolis,Indiana,85170
575,Fallview,Galveston,Texas,71968
576,Raven,Boise,Idaho,77568
577,Stuart,Oakland,California,67618
578,Sullivan,San Jose,California,22031
579,Warbler,Decatur,Illinois,55389
580,Division,Ogden,Utah,60260
581,Melody,Tulsa,Oklahoma,60433
582,Lillian,Baton Rouge,Louisiana,79537
583,Moland,Independence,Missouri,69873
584,Artisan,Seattle,Washington,73891
585,Amoth,Hyattsville,Maryland,56959
586,Arkansas,Tucson,Arizona,47084
587,Park Meadow,Kansas City,Missouri,77294
588,Susan,Roanoke,Virginia,04288
589,Corben,Atlanta,Georgia,11764
590,Sycamore,Indianapolis,Indiana,39213
591,Merrick,Charlotte,North Carolina,61121
592,Vidon,San Antonio,Texas,96405
593,Gerald,El Paso,Texas,96254
594,Barby,Brooklyn,New York,04246
595,Lien,Columbia,South Carolina,65888
596,West,High Point,North Carolina,23977
597,Basil,Fresno,California,21190
598,Milwaukee,Columbus,Ohio,47839
599,Sutherland,Cincinnati,Ohio,62243
600,Saint Paul,Inglewood,California,75573
601,Butterfield,San Antonio,Texas,95391
602,Bayside,Pinellas Park,Florida,39795
603,Mesta,Iowa City,Iowa,95671
604,Glacier Hill,Saint Petersburg,Florida,75487
605,Katie,Phoenix,Arizona,63507
606,Chinook,San Antonio,Texas,91256
607,Independence,San Francisco,California,72656
608,Corben,Tampa,Florida,83970
609,Marcy,Atlanta,Georgia,94048
610,Coleman,Fort Myers,Florida,80555
611,Longview,Hartford,Connecticut,77780
612,Marcy,New Orleans,Louisiana,12360
613,Marcy,Miami,Florida,12739
614,Dakota,Rochester,New York,70002
615,Nevada,Huntington,West Virginia,01307
616,Corben,Wichita Falls,Texas,60630
617,Nancy,Indianapolis,Indiana,39090
618,Luster,Des Moines,Iowa,81055
619,Kim,Atlanta,Georgia,48308
620,Express,Charlotte,North Carolina,69175
621,Cardinal,Philadelphia,Pennsylvania,42554
622,Karstens,Louisville,Kentucky,02901
623,Golf Course,Orlando,Florida,41008
624,Crowley,Peoria,Illinois,94836
625,Parkside,Philadelphia,Pennsylvania,12465
626,Warner,Prescott,Arizona,18073
627,Elmside,Miami,Florida,84146
628,Victoria,Arvada,Colorado,32511
629,School,El Paso,Texas,88847
630,Kropf,Amarillo,Texas,37447
631,Onsgard,Fresno,California,88318
632,Hoepker,Savannah,Georgia,87328
633,Carberry,Milwaukee,Wisconsin,45052
634,Sutteridge,Tulsa,Oklahoma,86422
635,Mifflin,Albuquerque,New Mexico,73624
636,Dovetail,Shawnee Mission,Kansas,68325
637,Glendale,Louisville,Kentucky,05495
638,Walton,Hattiesburg,Mississippi,91657
639,Dixon,Milwaukee,Wisconsin,33251
640,Basil,Orlando,Florida,13455
641,Maple,Chicago,Illinois,18833
642,Delladonna,Beaumont,Texas,87769
643,Rockefeller,Alexandria,Louisiana,36594
644,Lighthouse Bay,Des Moines,Iowa,69447
645,Sullivan,Evansville,Indiana,66780
646,Waubesa,San Diego,California,32162
647,Mcbride,Newark,Delaware,88776
648,Sutteridge,Staten Island,New York,94098
649,Grayhawk,Buffalo,New York,17664
650,Dorton,El Paso,Texas,63284
651,Mayfield,Jamaica,New York,65087
652,Grasskamp,Baltimore,Maryland,47617
653,5th,Phoenix,Arizona,51890
654,Sunbrook,Tacoma,Washington,16423
655,Division,Charlotte,North Carolina,99535
656,Hansons,Cincinnati,Ohio,44147
657,Buena Vista,Anaheim,California,88213
658,Chinook,Fort Lauderdale,Florida,74798
659,Autumn Leaf,Spokane,Washington,01213
660,Sutherland,Long Beach,California,43190
661,Artisan,Miami,Florida,33887
662,Daystar,Midland,Texas,51883
663,Mayfield,Tallahassee,Florida,50937
664,Forest Dale,Memphis,Tennessee,24964
665,Fulton,Honolulu,Hawaii,69134
666,Del Sol,Fort Lauderdale,Florida,51568
667,Southridge,Washington,District of Columbia,34234
668,Hazelcrest,Cincinnati,Ohio,63758
669,Hudson,Phoenix,Arizona,75969
670,Golf View,Amarillo,Texas,94427
671,Jenna,Pomona,California,91026
672,Hanover,Levittown,Pennsylvania,22824
673,Fairfield,Detroit,Michigan,57604
674,Darwin,Pittsburgh,Pennsylvania,83021
675,Independence,Denver,Colorado,99918
676,Holy Cross,El Paso,Texas,32657
677,Oakridge,Ocala,Florida,19475
678,7th,Bowie,Maryland,71255
679,Gina,Portland,Oregon,77136
680,Sauthoff,Lincoln,Nebraska,79610
681,Karstens,Jacksonville,Florida,44990
682,Golf Course,Birmingham,Alabama,44564
683,Ridgeway,New York City,New York,57365
684,Hintze,Sarasota,Florida,57171
685,Nancy,Miami,Florida,88769
686,Thompson,Huntington,West Virginia,48017
687,Hintze,Milwaukee,Wisconsin,65535
688,Sugar,Tucson,Arizona,67628
689,Dwight,Dallas,Texas,77133
690,Lake View,Omaha,Nebraska,99214
691,Swallow,Tacoma,Washington,79022
692,Dryden,Charleston,South Carolina,17827
693,Mifflin,Muncie,Indiana,51338
694,Anniversary,Fresno,California,19755
695,Utah,Austin,Texas,09997
696,Fremont,Jacksonville,Florida,22740
697,Becker,Little Rock,Arkansas,04215
698,Reinke,Knoxville,Tennessee,49045
699,Buhler,Topeka,Kansas,24566
700,Northview,Grand Rapids,Michigan,13927
701,Luster,Crawfordsville,Indiana,88595
702,Stuart,Orlando,Florida,80464
703,Pawling,Metairie,Louisiana,41034
704,Lunder,East Saint Louis,Illinois,19884
705,Morning,Jefferson City,Missouri,91480
706,Lillian,Birmingham,Alabama,53994
707,Delladonna,Santa Fe,New Mexico,63615
708,Oxford,Charleston,West Virginia,30646
709,Hollow Ridge,Minneapolis,Minnesota,29617
710,Esker,Pittsburgh,Pennsylvania,09765
711,Mallory,Topeka,Kansas,35767
712,Onsgard,Mountain View,California,13814
713,Morrow,Charleston,South Carolina,43985
714,Esker,Knoxville,Tennessee,36554
715,Hoard,Reno,Nevada,87942
716,Badeau,San Antonio,Texas,42381
717,Redwing,El Paso,Texas,77477
718,4th,Baltimore,Maryland,62634
719,Roth,Irving,Texas,60643
720,Mccormick,New Hyde Park,New York,81595
721,Springview,Ogden,Utah,62406
722,Manufacturers,Indianapolis,Indiana,08137
723,Ramsey,Charlotte,North Carolina,52004
724,Chinook,Salt Lake City,Utah,28084
725,Dwight,Miami,Florida,20012
726,Leroy,Los Angeles,California,11091
727,Glacier Hill,Huntsville,Alabama,07190
728,Barby,Los Angeles,California,65016
729,Twin Pines,Champaign,Illinois,78764
730,Northview,Pomona,California,84613
731,Meadow Ridge,Port Charlotte,Florida,12248
732,Meadow Valley,Gary,Indiana,10444
733,Roxbury,Austin,Texas,18162
734,Carpenter,Fort Wayne,Indiana,05939
735,Larry,Gaithersburg,Maryland,91272
736,Harper,Cincinnati,Ohio,20042
737,Norway Maple,Louisville,Kentucky,42805
738,Spaight,Austin,Texas,02342
739,American,Toledo,Ohio,76773
740,Fulton,Tulsa,Oklahoma,21892
741,Grim,Atlanta,Georgia,00348
742,Anderson,Stockton,California,15738
743,Rieder,Denver,Colorado,24830
744,Knutson,Shawnee Mission,Kansas,34293
745,Macpherson,Trenton,New Jersey,17675
746,Barnett,Detroit,Michigan,64383
747,Bartillon,Arlington,Virginia,57670
748,Jenna,Pasadena,California,86040
749,Warbler,Austin,Texas,76601
750,Aberg,Hot Springs National Park,Arkansas,99442
751,Forest,San Antonio,Texas,69985
752,Express,Winston Salem,North Carolina,13526
753,Dottie,Charlottesville,Virginia,81536
754,Fuller,Shreveport,Louisiana,28771
755,Trailsway,Bronx,New York,13154
756,Scott,Washington,District of Columbia,73628
757,Grim,Baltimore,Maryland,40238
758,Pond,Shawnee Mission,Kansas,29474
759,Moland,Allentown,Pennsylvania,13371
760,Nancy,Philadelphia,Pennsylvania,49342
761,Macpherson,Aurora,Colorado,66739
762,Annamark,New York City,New York,41594
763,Fairview,Washington,District of Columbia,86875
764,Moland,Stockton,California,51732
765,Namekagon,Atlanta,Georgia,99124
766,Dayton,Cleveland,Ohio,07914
767,Oakridge,Phoenix,Arizona,72393
768,Dawn,Paterson,New Jersey,33038
769,Parkside,Evansville,Indiana,87835
770,Calypso,Des Moines,Iowa,49711
771,Del Sol,Wichita Falls,Texas,19353
772,Northview,Las Vegas,Nevada,26728
773,Russell,San Jose,California,77114
774,Fieldstone,Lehigh Acres,Florida,02929
775,Arizona,Greenville,South Carolina,06644
776,Coleman,Honolulu,Hawaii,87478
777,Shasta,Panama City,Florida,22930
778,Nova,Hampton,Virginia,44899
779,Monument,Atlanta,Georgia,46929
780,Oxford,Springfield,Illinois,35165
781,Warner,Des Moines,Iowa,54333
782,Weeping Birch,Cleveland,Ohio,03865
783,Dakota,Alhambra,California,24517
784,Grayhawk,Louisville,Kentucky,79011
785,Karstens,El Paso,Texas,95856
786,Golf,Washington,District of Columbia,24452
787,Pepper Wood,Oklahoma City,Oklahoma,35083
788,Shopko,Orlando,Florida,22841
789,Ronald Regan,Lexington,Kentucky,84333
790,Hudson,Elizabeth,New Jersey,00010
791,Loomis,Tulsa,Oklahoma,80514
792,Ruskin,Los Angeles,California,12370
793,Westend,Ann Arbor,Michigan,96781
794,Becker,Akron,Ohio,84705
795,Spenser,Dearborn,Michigan,57958
796,Schlimgen,Concord,California,01085
797,Boyd,Minneapolis,Minnesota,51914
798,Talmadge,Abilene,Texas,58353
799,Loomis,Baltimore,Maryland,05495
800,Reindahl,Missoula,Montana,33747
801,Esch,Fort Lauderdale,Florida,10537
802,Rockefeller,New Haven,Connecticut,55302
803,Del Mar,Cincinnati,Ohio,04482
804,Crownhardt,Battle Creek,Michigan,01104
805,Magdeline,Bethlehem,Pennsylvania,03505
806,La Follette,Nashville,Tennessee,33959
807,Morning,Peoria,Illinois,88753
808,Loomis,Aurora,Colorado,42548
809,Independence,Seattle,Washington,96725
810,Kenwood,Oklahoma City,Oklahoma,32611
811,Del Mar,Mount Vernon,New York,34551
812,Carey,Irving,Texas,33902
813,Express,Columbus,Georgia,26748
814,Golden Leaf,Detroit,Michigan,32813
815,Schiller,Kansas City,Missouri,88042
816,Buena Vista,Henderson,Nevada,97690
817,Kim,Littleton,Colorado,37440
818,Merchant,Lexington,Kentucky,80093
819,Sherman,Boulder,Colorado,77042
820,Delaware,Rochester,Minnesota,17161
821,New Castle,Racine,Wisconsin,15461
822,Victoria,Biloxi,Mississippi,18796
823,Moland,Springfield,Illinois,96947
824,Dorton,Portland,Oregon,90207
825,Burning Wood,Pittsburgh,Pennsylvania,59876
826,Esch,Brockton,Massachusetts,91281
827,Namekagon,Frankfort,Kentucky,74224
828,Fair Oaks,Minneapolis,Minnesota,53775
829,Main,Montgomery,Alabama,56491
830,Oakridge,Jacksonville,Florida,47585
831,Graedel,Oakland,California,91892
832,Cambridge,Roanoke,Virginia,13693
833,Northport,Orlando,Florida,29922
834,Drewry,Bethlehem,Pennsylvania,26276
835,Del Mar,Lawrenceville,Georgia,80957
836,Cody,Silver Spring,Maryland,96707
837,Sunfield,Oklahoma City,Oklahoma,49467
838,Sloan,Phoenix,Arizona,16494
839,Cambridge,Austin,Texas,19419
840,Graceland,Syracuse,New York,26000
841,Meadow Vale,Decatur,Georgia,27638
842,Lakeland,Sunnyvale,California,43739
843,Waywood,Raleigh,North Carolina,95811
844,Melrose,Houston,Texas,98765
845,Logan,East Saint Louis,Illinois,46590
846,4th,Oklahoma City,Oklahoma,45836
847,Westerfield,Houston,Texas,31061
848,Sutherland,Oklahoma City,Oklahoma,28954
849,Truax,West Palm Beach,Florida,56123
850,Briar Crest,Louisville,Kentucky,21173
851,Sachs,Jamaica,New York,37795
852,Kinsman,Racine,Wisconsin,99209
853,Havey,North Port,Florida,97453
854,Basil,Tulsa,Oklahoma,98061
855,Bonner,Charlotte,North Carolina,95685
856,Maple,Atlanta,Georgia,47777
857,Hermina,Fort Lauderdale,Florida,54456
858,Pepper Wood,Cincinnati,Ohio,67306
859,Beilfuss,Brooklyn,New York,45924
860,1st,Bakersfield,California,83127
861,Kensington,Laredo,Texas,55008
862,Dwight,Memphis,Tennessee,98418
863,Marcy,Shawnee Mission,Kansas,73847
864,Lake View,Durham,North Carolina,83528
865,Vera,Little Rock,Arkansas,65704
866,Thackeray,Tulsa,Oklahoma,95328
867,Oakridge,Houston,Texas,82613
868,Luster,San Francisco,California,53797
869,Morning,Las Vegas,Nevada,82322
870,Cottonwood,Amarillo,Texas,47403
871,Russell,Mesa,Arizona,70010
872,Meadow Valley,Herndon,Virginia,27631
873,Dakota,Columbus,Ohio,95309
874,Russell,Philadelphia,Pennsylvania,21369
875,Esch,Phoenix,Arizona,83636
876,Maryland,New York City,New York,75696
877,Charing Cross,Boston,Massachusetts,01560
878,Eastwood,Vienna,Virginia,49342
879,Basil,Glendale,California,74759
880,Mallory,San Antonio,Texas,94270
881,Russell,Chico,California,16303
882,Old Gate,Cleveland,Ohio,71288
883,Eliot,Tampa,Florida,99916
884,Thierer,Fresno,California,10703
885,Kipling,Houston,Texas,82252
886,Red Cloud,Charlotte,North Carolina,11518
887,Welch,Jamaica,New York,07833
888,Ruskin,Saint Louis,Missouri,73507
889,Esch,Atlanta,Georgia,43621
890,Bobwhite,Sacramento,California,58522
891,Loeprich,Dallas,Texas,80433
892,Atwood,Wilkes Barre,Pennsylvania,71933
893,Johnson,Santa Barbara,California,28381
894,Almo,Houston,Texas,61058
895,Randy,Jersey City,New Jersey,83506
896,Lyons,Amarillo,Texas,21850
897,Nancy,Nashville,Tennessee,20073
898,Forest Run,Elmira,New York,63971
899,Hallows,San Diego,California,03688
900,Holmberg,Delray Beach,Florida,66219
901,Porter,Albuquerque,New Mexico,00913
902,Prairieview,Irvine,California,93451
903,Golden Leaf,Peoria,Illinois,88018
904,Dakota,Oklahoma City,Oklahoma,80607
905,Mifflin,Stamford,Connecticut,29353
906,Northfield,Fullerton,California,16799
907,Eagan,Columbia,South Carolina,62878
908,Sheridan,Harrisburg,Pennsylvania,66926
909,Fulton,Albuquerque,New Mexico,85622
910,Summit,Des Moines,Iowa,88691
911,Sommers,Colorado Springs,Colorado,86194
912,Fordem,Bradenton,Florida,70201
913,Prairie Rose,Fresno,California,38585
914,Carberry,Miami,Florida,65790
915,Laurel,San Antonio,Texas,94070
916,Eggendart,Saint Paul,Minnesota,89773
917,Burning Wood,Austin,Texas,84747
918,Cambridge,Tacoma,Washington,01575
919,Shopko,Long Beach,California,51259
920,Ridgeway,Erie,Pennsylvania,46422
921,Pierstorff,Reno,Nevada,02298
922,Russell,Lansing,Michigan,78627
923,Mallory,Delray Beach,Florida,93906
924,Merchant,Columbia,South Carolina,68445
925,Northfield,Cedar Rapids,Iowa,87367
926,Hoffman,Utica,New York,78726
927,Welch,Syracuse,New York,05380
928,Vernon,Houston,Texas,37549
929,Columbus,Portland,Oregon,77368
930,Pond,Phoenix,Arizona,45069
931,Spaight,Washington,District of Columbia,68062
932,American,Hattiesburg,Mississippi,01020
933,Lunder,New York City,New York,31223
934,Donald,Sioux Falls,South Dakota,53881
935,Menomonie,Saint Cloud,Minnesota,80166
936,Hazelcrest,Charlotte,North Carolina,11379
937,Lakewood Gardens,Knoxville,Tennessee,53840
938,Cherokee,Akron,Ohio,75577
939,Arizona,Atlanta,Georgia,96995
940,Helena,Tampa,Florida,25950
941,Petterle,Orlando,Florida,75850
942,Pennsylvania,Roanoke,Virginia,31865
943,Lotheville,Los Angeles,California,29729
944,Bluejay,Appleton,Wisconsin,81843
945,Cascade,San Francisco,California,73889
946,Ronald Regan,Atlanta,Georgia,88976
947,Cottonwood,Gadsden,Alabama,53156
948,Marcy,Knoxville,Tennessee,62283
949,Redwing,Omaha,Nebraska,55440
950,Dakota,Pueblo,Colorado,59074
951,Continental,Columbus,Ohio,63648
952,6th,Lubbock,Texas,12357
953,Washington,Dallas,Texas,78879
954,Anhalt,Philadelphia,Pennsylvania,14510
955,Fieldstone,Grand Rapids,Michigan,40477
956,Meadow Valley,Toledo,Ohio,59892
957,Anniversary,Sacramento,California,31623
958,Monica,Mobile,Alabama,86634
959,Gina,San Angelo,Texas,91442
960,Holy Cross,Tampa,Florida,29255
961,Linden,Brooklyn,New York,47813
962,Mesta,Brooklyn,New York,10649
963,Transport,Fort Worth,Texas,07987
964,Grasskamp,Sacramento,California,60320
965,Reinke,Wichita,Kansas,38813
966,Southridge,Kansas City,Missouri,42962
967,Express,Virginia Beach,Virginia,90286
968,Clyde Gallagher,Indianapolis,Indiana,47802
969,Corben,San Diego,California,50270
970,Pankratz,Saint Paul,Minnesota,18946
971,Carioca,Great Neck,New York,21529
972,Banding,Sioux Falls,South Dakota,62560
973,Warrior,Saint Louis,Missouri,79099
974,Riverside,Atlanta,Georgia,75477
975,Scoville,Wilmington,Delaware,51614
976,High Crossing,Kansas City,Missouri,30716
977,La Follette,Columbus,Ohio,65325
978,Wayridge,Billings,Montana,91913
979,Blackbird,Tampa,Florida,84224
980,Del Sol,Panama City,Florida,55855
981,Clove,Sacramento,California,13895
982,Swallow,Billings,Montana,33718
983,Jana,Peoria,Illinois,46372
984,Fuller,San Antonio,Texas,00042
985,Green Ridge,Washington,District of Columbia,89706
986,Moland,Boston,Massachusetts,78544
987,Monterey,Orlando,Florida,19253
988,Eagle Crest,Waterbury,Connecticut,50106
989,Briar Crest,New Castle,Pennsylvania,64148
990,Vidon,Lexington,Kentucky,44925
991,Thackeray,Honolulu,Hawaii,25405
992,Corben,Chico,California,55644
993,Grasskamp,Kansas City,Missouri,48604
994,Atwood,Lexington,Kentucky,49809
995,Pierstorff,Cincinnati,Ohio,70508
996,Messerschmidt,Stockton,California,60347
997,Talisman,Richmond,Virginia,62346
998,Stang,Mobile,Alabama,18639
999,Arrowood,Aurora,Colorado,96354
1000,Bellgrove,Washington,District of Columbia,61060
