userId,email,primary_ind,verified
1,bplampeyn0@gnu.org,1,1
2,evogl1@tripod.com,1,1
3,pjanisson2@reuters.com,1,1
4,rstenner3@mtv.com,1,1
5,mterris4@answers.com,1,1
6,lbraybrooke5@scientificamerican.com,1,1
7,mveal6@fema.gov,1,1
8,krupke7@marketwatch.com,1,1
9,rgosnoll8@g.co,1,1
10,hpetr9@squarespace.com,1,1
11,mrunseya@dailymail.co.uk,1,1
12,eferranb@studiopress.com,1,1
13,pmassec@dailymail.co.uk,1,1
14,lcarlucciod@51.la,1,1
15,ccurchere@bizjournals.com,1,1
16,kgiacovettif@cargocollective.com,1,1
17,idaubneyg@people.com.cn,1,1
18,mmoyneh@icio.us,1,1
19,kdevinni@mysql.com,1,1
20,pdowbekinj@nifty.com,1,1
21,cmcwhinneyk@microsoft.com,1,1
22,bvideneevl@prnewswire.com,1,1
23,fpitkinsm@e-recht24.de,1,1
24,xmarchettin@51.la,1,1
25,eanchoro@mail.ru,1,1
26,bburrelp@vk.com,1,1
27,mtolworthieq@is.gd,1,1
28,adabbesr@gnu.org,1,1
29,nbordmans@nhs.uk,1,1
30,spadkint@businessweek.com,1,1
31,tcallwayu@tiny.cc,1,1
32,cashfullv@japanpost.jp,1,1
33,hhugonneauw@jalbum.net,1,1
34,gstigersx@theglobeandmail.com,1,1
35,afewelly@toplist.cz,1,1
36,agrishinz@1und1.de,1,1
37,kmacieiczyk10@economist.com,1,1
38,ipriditt11@ask.com,1,1
39,narnell12@skyrock.com,1,1
40,atiery13@marriott.com,1,1
41,mcoatsworth14@sourceforge.net,1,1
42,rbendel15@spiegel.de,1,1
43,krisley16@mail.ru,1,1
44,ttegeller17@google.fr,1,1
45,tjenk18@edublogs.org,1,1
46,cneely19@state.gov,1,1
47,ssouthon1a@infoseek.co.jp,1,1
48,ggarvin1b@booking.com,1,1
49,kkamiyama1c@nih.gov,1,1
50,bmichiel1d@alexa.com,1,1
51,lgouldeby1e@theglobeandmail.com,1,1
52,mrosi1f@g.co,1,1
53,zwatsham1g@xinhuanet.com,1,1
54,purwen1h@bizjournals.com,1,1
55,grispine1i@nydailynews.com,1,1
56,wghiroldi1j@wikimedia.org,1,1
57,ncargon1k@digg.com,1,1
58,rhinkins1l@spiegel.de,1,1
59,aglassopp1m@sohu.com,1,1
60,ddand1n@phpbb.com,1,1
61,wbreeze1o@state.tx.us,1,1
62,jlemonby1p@last.fm,1,1
63,eechallier1q@eepurl.com,1,1
64,kchaston1r@hud.gov,1,1
65,yseater1s@parallels.com,1,1
66,ggowling1t@addthis.com,1,1
67,mafield1u@twitpic.com,1,1
68,mduff1v@discuz.net,1,1
69,kwhistlecraft1w@hao123.com,1,1
70,hconybear1x@51.la,1,1
71,tdelahunty1y@china.com.cn,1,1
72,mswepstone1z@sphinn.com,1,1
73,bbengal20@who.int,1,1
74,llempenny21@usda.gov,1,1
75,ghurles22@dailymail.co.uk,1,1
76,klafontaine23@mapy.cz,1,1
77,nduckworth24@youtube.com,1,1
78,aglazebrook25@ucoz.com,1,1
79,awellsman26@apple.com,1,1
80,bskipsey27@upenn.edu,1,1
81,dlasham28@zimbio.com,1,1
82,hkyston29@tinyurl.com,1,1
83,foluney2a@house.gov,1,1
84,tstirrip2b@webnode.com,1,1
85,agelly2c@shutterfly.com,1,1
86,bropcke2d@shinystat.com,1,1
87,inutley2e@squidoo.com,1,1
88,gkivelhan2f@princeton.edu,1,1
89,ocantera2g@icio.us,1,1
90,bmcmichan2h@sourceforge.net,1,1
91,rbullus2i@indiegogo.com,1,1
92,aattryde2j@infoseek.co.jp,1,1
93,tsollime2k@go.com,1,1
94,rphythean2l@fema.gov,1,1
95,kemerine2m@unicef.org,1,1
96,creeders2n@nhs.uk,1,1
97,maitkin2o@whitehouse.gov,1,1
98,gtoffts2p@cornell.edu,1,1
99,jhanhardt2q@goodreads.com,1,1
100,fhaig2r@cnet.com,1,1
101,ncarryer2s@amazon.co.jp,1,1
102,ahadgraft2t@eepurl.com,1,1
103,gladds2u@cbsnews.com,1,1
104,dbuckleigh2v@163.com,1,1
105,bharriott2w@examiner.com,1,1
106,nkonerding2x@wsj.com,1,1
107,jmargrem2y@ning.com,1,1
108,bdavitashvili2z@ihg.com,1,1
109,rcarrier30@jugem.jp,1,1
110,imassinger31@ihg.com,1,1
111,wblance32@jimdo.com,1,1
112,lworsall33@senate.gov,1,1
113,jlauderdale34@gnu.org,1,1
114,jhyde35@cbc.ca,1,1
115,mvanarsdall36@army.mil,1,1
116,weschelle37@techcrunch.com,1,1
117,dgarfirth38@meetup.com,1,1
118,mfarries39@bravesites.com,1,1
119,cjost3a@whitehouse.gov,1,1
120,adowzell3b@cargocollective.com,1,1
121,abiasioni3c@51.la,1,1
122,schoulerton3d@thetimes.co.uk,1,1
123,lmityakov3e@instagram.com,1,1
124,srosekilly3f@1688.com,1,1
125,hwaldrum3g@foxnews.com,1,1
126,aatcherley3h@printfriendly.com,1,1
127,smadle3i@etsy.com,1,1
128,kvannet3j@sohu.com,1,1
129,chelwig3k@youku.com,1,1
130,swiddows3l@cnbc.com,1,1
131,lhardman3m@europa.eu,1,1
132,gblore3n@parallels.com,1,1
133,bstockhill3o@ucoz.com,1,1
134,collerenshaw3p@soup.io,1,1
135,ahaycox3q@elpais.com,1,1
136,jbedberry3r@biglobe.ne.jp,1,1
137,rfullard3s@meetup.com,1,1
138,lsturley3t@youtube.com,1,1
139,kpickvance3u@multiply.com,1,1
140,nclausson3v@1und1.de,1,1
141,hkislingbury3w@reference.com,1,1
142,rleakner3x@photobucket.com,1,1
143,gcarcas3y@goo.ne.jp,1,1
144,wargontt3z@deviantart.com,1,1
145,ckane40@ehow.com,1,1
146,rloyns41@dmoz.org,1,1
147,ehillaby42@live.com,1,1
148,hdyble43@hubpages.com,1,1
149,pineson44@miibeian.gov.cn,1,1
150,dbater45@mail.ru,1,1
151,kneave46@fda.gov,1,1
152,sstawell47@chronoengine.com,1,1
153,gpateman48@microsoft.com,1,1
154,sdowse49@edublogs.org,1,1
155,arenouf4a@rambler.ru,1,1
156,esinnott4b@diigo.com,1,1
157,jboothby4c@vinaora.com,1,1
158,abolin4d@yolasite.com,1,1
159,fwhordley4e@mapquest.com,1,1
160,imccaskell4f@upenn.edu,1,1
161,mflew4g@soup.io,1,1
162,grozec4h@scientificamerican.com,1,1
163,damies4i@printfriendly.com,1,1
164,masey4j@ameblo.jp,1,1
165,ahubert4k@cbc.ca,1,1
166,fcoetzee4l@imageshack.us,1,1
167,lconlaund4m@examiner.com,1,1
168,mglendenning4n@mediafire.com,1,1
169,bheadley4o@instagram.com,1,1
170,lselborne4p@seattletimes.com,1,1
171,mstallan4q@wikispaces.com,1,1
172,bschruyers4r@weebly.com,1,1
173,jhavesides4s@domainmarket.com,1,1
174,gstribbling4t@soundcloud.com,1,1
175,brosenstiel4u@naver.com,1,1
176,sguppey4v@slashdot.org,1,1
177,bchicotti4w@merriam-webster.com,1,1
178,athornhill4x@tinypic.com,1,1
179,cnannizzi4y@smh.com.au,1,1
180,cscouse4z@yolasite.com,1,1
181,ahember50@comcast.net,1,1
182,ypheazey51@google.pl,1,1
183,cblase52@macromedia.com,1,1
184,dlathleiffure53@w3.org,1,1
185,sstrathman54@abc.net.au,1,1
186,gmaudlin55@skyrock.com,1,1
187,mvalentetti56@thetimes.co.uk,1,1
188,cjellard57@sbwire.com,1,1
189,qheister58@washington.edu,1,1
190,thelgass59@cbc.ca,1,1
191,rpol5a@elpais.com,1,1
192,mgreenside5b@mozilla.org,1,1
193,ichallen5c@elegantthemes.com,1,1
194,atumbridge5d@sciencedirect.com,1,1
195,mdanovich5e@washington.edu,1,1
196,wlunny5f@domainmarket.com,1,1
197,dpristnor5g@blogger.com,1,1
198,emassot5h@dailymail.co.uk,1,1
199,dcromwell5i@creativecommons.org,1,1
200,htoombes5j@bbb.org,1,1
201,cmaruska5k@istockphoto.com,1,1
202,hweightman5l@shareasale.com,1,1
203,mcroft5m@about.com,1,1
204,pgunther5n@goo.ne.jp,1,1
205,dziehms5o@studiopress.com,1,1
206,stooley5p@mail.ru,1,1
207,ddarley5q@alexa.com,1,1
208,oescala5r@cdc.gov,1,1
209,darnoult5s@yolasite.com,1,1
210,jszreter5t@answers.com,1,1
211,cswarbrick5u@whitehouse.gov,1,1
212,acowope5v@nyu.edu,1,1
213,dfranceschi5w@myspace.com,1,1
214,ariggott5x@tinypic.com,1,1
215,idibiagi5y@bravesites.com,1,1
216,bofogerty5z@slashdot.org,1,1
217,rplaydon60@trellian.com,1,1
218,fgadie61@omniture.com,1,1
219,chanshaw62@delicious.com,1,1
220,ldreghorn63@sciencedirect.com,1,1
221,rkellert64@instagram.com,1,1
222,nfernihough65@ihg.com,1,1
223,cdoneld66@baidu.com,1,1
224,mbartlomiejczyk67@goodreads.com,1,1
225,vbaniard68@diigo.com,1,1
226,aberndtssen69@free.fr,1,1
227,storri6a@seattletimes.com,1,1
228,jmacarthur6b@over-blog.com,1,1
229,tdelepine6c@mayoclinic.com,1,1
230,dmacdonagh6d@goo.gl,1,1
231,agumme6e@aboutads.info,1,1
232,pwarrilow6f@japanpost.jp,1,1
233,aledford6g@accuweather.com,1,1
234,rkilmaster6h@google.ru,1,1
235,dchyuerton6i@friendfeed.com,1,1
236,mlapere6j@irs.gov,1,1
237,mnorthfield6k@lulu.com,1,1
238,pcumberlidge6l@liveinternet.ru,1,1
239,acamelli6m@tinyurl.com,1,1
240,dmalster6n@google.fr,1,1
241,tthornewill6o@51.la,1,1
242,mleedes6p@google.ru,1,1
243,tgibling6q@altervista.org,1,1
244,nsteabler6r@naver.com,1,1
245,lebden6s@webmd.com,1,1
246,ecoram6t@squarespace.com,1,1
247,rrastrick6u@blogtalkradio.com,1,1
248,apoxson6v@state.gov,1,1
249,jdibner6w@barnesandnoble.com,1,1
250,ahubble6x@indiegogo.com,1,1
251,swinders6y@123-reg.co.uk,1,1
252,emcravey6z@1und1.de,1,1
253,apostins70@aol.com,1,1
254,hizchaki71@dailymail.co.uk,1,1
255,tormesher72@theguardian.com,1,1
256,cvance73@wsj.com,1,1
257,ageoghegan74@cpanel.net,1,1
258,ktroyes75@businessweek.com,1,1
259,gspeer76@wikia.com,1,1
260,mmanchett77@123-reg.co.uk,1,1
261,sgrinin78@furl.net,1,1
262,mmckeveney79@printfriendly.com,1,1
263,hscutchings7a@zdnet.com,1,1
264,tsaltsberg7b@deliciousdays.com,1,1
265,tbenterman7c@skyrock.com,1,1
266,hnagle7d@tiny.cc,1,1
267,hpettett7e@cnbc.com,1,1
268,bdimaria7f@reverbnation.com,1,1
269,sfarmiloe7g@newyorker.com,1,1
270,atimoney7h@miitbeian.gov.cn,1,1
271,bcossons7i@digg.com,1,1
272,dsommerfeld7j@statcounter.com,1,1
273,bfawson7k@spotify.com,1,1
274,thortop7l@smugmug.com,1,1
275,bwatson7m@smh.com.au,1,1
276,usquirrel7n@canalblog.com,1,1
277,mtorr7o@phpbb.com,1,1
278,eoluwatoyin7p@imdb.com,1,1
279,esaward7q@hhs.gov,1,1
280,jmarfe7r@php.net,1,1
281,fphillcock7s@usgs.gov,1,1
282,lpre7t@time.com,1,1
283,atewkesberry7u@geocities.jp,1,1
284,bmcinteer7v@com.com,1,1
285,ckestell7w@tripod.com,1,1
286,mgibby7x@pagesperso-orange.fr,1,1
287,bmariolle7y@dyndns.org,1,1
288,klarcher7z@addtoany.com,1,1
289,tlill80@yellowpages.com,1,1
290,wmoberley81@howstuffworks.com,1,1
291,ejacqueme82@twitter.com,1,1
292,eflott83@merriam-webster.com,1,1
293,jmaseres84@nhs.uk,1,1
294,tpatrick85@squidoo.com,1,1
295,ogummer86@mozilla.org,1,1
296,tprendiville87@bigcartel.com,1,1
297,rscherme88@google.it,1,1
298,evarty89@google.com,1,1
299,cganforthe8a@scribd.com,1,1
300,bstoate8b@wordpress.com,1,1
301,spoli8c@unicef.org,1,1
302,pbloxsom8d@npr.org,1,1
303,jsherwen8e@bravesites.com,1,1
304,aharral8f@cmu.edu,1,1
305,kstarmore8g@wix.com,1,1
306,cdimitru8h@goodreads.com,1,1
307,dballefant8i@omniture.com,1,1
308,neustanch8j@digg.com,1,1
309,itorpie8k@google.com,1,1
310,ykill8l@diigo.com,1,1
311,fmcmychem8m@cloudflare.com,1,1
312,fhunnam8n@tuttocitta.it,1,1
313,zgreser8o@sohu.com,1,1
314,abillyeald8p@linkedin.com,1,1
315,kesp8q@slashdot.org,1,1
316,cgrigorushkin8r@issuu.com,1,1
317,nbirkwood8s@si.edu,1,1
318,mbilby8t@marriott.com,1,1
319,nsinkins8u@acquirethisname.com,1,1
320,jcorteney8v@businesswire.com,1,1
321,kandersson8w@flavors.me,1,1
322,govid8x@reverbnation.com,1,1
323,dbeseke8y@t-online.de,1,1
324,hzuan8z@about.com,1,1
325,qbows90@addthis.com,1,1
326,lartharg91@ucoz.ru,1,1
327,atyre92@163.com,1,1
328,ptuft93@1688.com,1,1
329,tdenslow94@delicious.com,1,1
330,tchippindall95@1688.com,1,1
331,ryoutead96@w3.org,1,1
332,lkloska97@mysql.com,1,1
333,spennetti98@bloglines.com,1,1
334,amcgown99@japanpost.jp,1,1
335,lhardy9a@acquirethisname.com,1,1
336,tscotchmer9b@mac.com,1,1
337,rschuster9c@networkadvertising.org,1,1
338,pcrocker9d@4shared.com,1,1
339,umalam9e@slideshare.net,1,1
340,fbarniss9f@nasa.gov,1,1
341,egrinikhin9g@slideshare.net,1,1
342,lfader9h@huffingtonpost.com,1,1
343,tkenway9i@webmd.com,1,1
344,mcalvard9j@google.es,1,1
345,bcolecrough9k@typepad.com,1,1
346,ahosier9l@harvard.edu,1,1
347,fmasdin9m@technorati.com,1,1
348,rdomm9n@bloomberg.com,1,1
349,hlangford9o@jiathis.com,1,1
350,cmandres9p@bigcartel.com,1,1
351,pheibel9q@dion.ne.jp,1,1
352,rrennenbach9r@fotki.com,1,1
353,jovell9s@clickbank.net,1,1
354,hzanazzi9t@constantcontact.com,1,1
355,sraecroft9u@omniture.com,1,1
356,aerdes9v@github.com,1,1
357,fnibley9w@cdc.gov,1,1
358,akersley9x@nyu.edu,1,1
359,aplet9y@blogtalkradio.com,1,1
360,dwright9z@odnoklassniki.ru,1,1
361,dshoebottoma0@chicagotribune.com,1,1
362,ihullocka1@addthis.com,1,1
363,hscardafielda2@abc.net.au,1,1
364,afanthama3@cam.ac.uk,1,1
365,cbaynea4@addtoany.com,1,1
366,emanclarka5@friendfeed.com,1,1
367,mrozeaa6@people.com.cn,1,1
368,dclapsona7@dropbox.com,1,1
369,coshielsa8@ftc.gov,1,1
370,arockwilla9@godaddy.com,1,1
371,ddaoustaa@nps.gov,1,1
372,dcoltmanab@i2i.jp,1,1
373,ldodellac@usnews.com,1,1
374,koglesbeead@stumbleupon.com,1,1
375,ggommesae@gravatar.com,1,1
376,wdrynanaf@rakuten.co.jp,1,1
377,eweakleyag@taobao.com,1,1
378,ldeareah@photobucket.com,1,1
379,gvalentinai@wiley.com,1,1
380,cknowlleraj@toplist.cz,1,1
381,jwimletak@auda.org.au,1,1
382,agioanial@digg.com,1,1
383,pcogleam@timesonline.co.uk,1,1
384,kcaplisan@canalblog.com,1,1
385,nkasselao@tripadvisor.com,1,1
386,lbracchiap@usa.gov,1,1
387,adimmickaq@answers.com,1,1
388,pbalaamar@smugmug.com,1,1
389,cflemmichas@upenn.edu,1,1
390,tmcrannellat@cdbaby.com,1,1
391,ctissellau@skype.com,1,1
392,mpiscotav@artisteer.com,1,1
393,cthomassonaw@google.es,1,1
394,vhaycroftax@virginia.edu,1,1
395,kbirtsay@google.it,1,1
396,kbumpusaz@epa.gov,1,1
397,cmurrockb0@cbc.ca,1,1
398,ibertieb1@weather.com,1,1
399,lfincherb2@symantec.com,1,1
400,ssomnerb3@facebook.com,1,1
401,smcgourtyb4@1688.com,1,1
402,hsomerledb5@omniture.com,1,1
403,rshepeardb6@kickstarter.com,1,1
404,qjorisb7@chicagotribune.com,1,1
405,dgaufordb8@freewebs.com,1,1
406,edyettb9@newyorker.com,1,1
407,vrolfoba@hud.gov,1,1
408,lvocebb@spotify.com,1,1
409,tmckeaveneybc@fema.gov,1,1
410,rvlasenkovbd@icio.us,1,1
411,tmeatonbe@ovh.net,1,1
412,jdehmbf@admin.ch,1,1
413,bislipbg@theatlantic.com,1,1
414,jrummerbh@jalbum.net,1,1
415,holneybi@weibo.com,1,1
416,dpauwelbj@nytimes.com,1,1
417,elatebk@4shared.com,1,1
418,ldahmelbl@biglobe.ne.jp,1,1
419,brigmandbm@youtu.be,1,1
420,msotheronbn@dedecms.com,1,1
421,kmunehaybo@nature.com,1,1
422,aheggiebp@dmoz.org,1,1
423,apiwellbq@sphinn.com,1,1
424,lsherlawbr@wunderground.com,1,1
425,mwincklebs@barnesandnoble.com,1,1
426,rdambrogiobt@ucoz.com,1,1
427,eashplantbu@spotify.com,1,1
428,qbutterbv@businessweek.com,1,1
429,elunambw@bravesites.com,1,1
430,hestevezbx@joomla.org,1,1
431,rchardinby@omniture.com,1,1
432,mbenitbz@eepurl.com,1,1
433,mratkec0@vkontakte.ru,1,1
434,gkovelmannc1@microsoft.com,1,1
435,fpozzic2@nationalgeographic.com,1,1
436,mcastellinic3@apache.org,1,1
437,eblundellc4@irs.gov,1,1
438,khellekerc5@epa.gov,1,1
439,ltantc6@example.com,1,1
440,mbebbingtonc7@umich.edu,1,1
441,dshrimplingc8@imgur.com,1,1
442,hmitchesonc9@wikipedia.org,1,1
443,tfancourtca@google.com,1,1
444,msalmonicb@msn.com,1,1
445,mbriloncc@prnewswire.com,1,1
446,hhazlewoodcd@sbwire.com,1,1
447,bfashamce@upenn.edu,1,1
448,mmaskellcf@technorati.com,1,1
449,ecathelcg@dion.ne.jp,1,1
450,hlynettch@wikimedia.org,1,1
451,bmaileci@vkontakte.ru,1,1
452,mkilgrovecj@netvibes.com,1,1
453,iwallentinck@pinterest.com,1,1
454,lminicocl@artisteer.com,1,1
455,jgodsalcm@disqus.com,1,1
456,zdumbarcn@people.com.cn,1,1
457,swaylettco@psu.edu,1,1
458,maldamcp@simplemachines.org,1,1
459,jputtockcq@npr.org,1,1
460,dcoronascr@acquirethisname.com,1,1
461,ksouthertoncs@cdc.gov,1,1
462,tpriddiect@github.com,1,1
463,mpharecu@biglobe.ne.jp,1,1
464,hingoncv@360.cn,1,1
465,kbalnavecw@bing.com,1,1
466,gfarrawaycx@illinois.edu,1,1
467,ephythiency@unesco.org,1,1
468,mallanbycz@psu.edu,1,1
469,ssnalumd0@unesco.org,1,1
470,rrevend1@ning.com,1,1
471,zchaudretd2@shutterfly.com,1,1
472,nmackenzied3@dion.ne.jp,1,1
473,mjuniperd4@vkontakte.ru,1,1
474,cparselld5@springer.com,1,1
475,jmeechd6@deviantart.com,1,1
476,jschuricked7@soundcloud.com,1,1
477,jdeliond8@cornell.edu,1,1
478,gsprottd9@mashable.com,1,1
479,amarinida@washington.edu,1,1
480,gbouchdb@princeton.edu,1,1
481,cbeamonddc@quantcast.com,1,1
482,dmcgenndd@quantcast.com,1,1
483,jjosselsonde@usa.gov,1,1
484,cfrowdedf@weebly.com,1,1
485,rpurdydg@amazonaws.com,1,1
486,epauleaudh@google.es,1,1
487,mbrownjohndi@japanpost.jp,1,1
488,spertdj@pagesperso-orange.fr,1,1
489,rselwyndk@shutterfly.com,1,1
490,cdreschedl@mozilla.com,1,1
491,cportingaledm@hostgator.com,1,1
492,cmordandn@seattletimes.com,1,1
493,bhaslamdo@salon.com,1,1
494,dcastellsdp@topsy.com,1,1
495,plefeverdq@va.gov,1,1
496,dspehrdr@nifty.com,1,1
497,jclemanceauds@vkontakte.ru,1,1
498,hwrankmoredt@hugedomains.com,1,1
499,eindgedu@salon.com,1,1
500,mlevingedv@dmoz.org,1,1
501,hhynedw@theatlantic.com,1,1
502,lbrickhamdx@paginegialle.it,1,1
503,fmeldrumdy@google.fr,1,1
504,kvauddz@aol.com,1,1
505,schessmane0@arizona.edu,1,1
506,ndemkowicze1@slashdot.org,1,1
507,tselwoode2@histats.com,1,1
508,myoungee3@europa.eu,1,1
509,aescalerae4@nbcnews.com,1,1
510,mboyde5@squarespace.com,1,1
511,dgribbine6@boston.com,1,1
512,bdadswelle7@unblog.fr,1,1
513,lmckombe8@ft.com,1,1
514,jjerschkee9@sohu.com,1,1
515,srobertsenea@paginegialle.it,1,1
516,mdigiacomettinoeb@theguardian.com,1,1
517,mgaskerec@issuu.com,1,1
518,hhambricked@home.pl,1,1
519,ofairbeardee@stanford.edu,1,1
520,dtaberneref@icio.us,1,1
521,owiddisoneg@istockphoto.com,1,1
522,tolivellieh@economist.com,1,1
523,hmooringei@usatoday.com,1,1
524,barkinej@dyndns.org,1,1
525,bgaylordek@ning.com,1,1
526,mvennerel@unicef.org,1,1
527,klaibleem@boston.com,1,1
528,awellsteaden@state.gov,1,1
529,doakwoodeo@telegraph.co.uk,1,1
530,valldisep@technorati.com,1,1
531,gwallentineq@friendfeed.com,1,1
532,lchinaer@dyndns.org,1,1
533,ncrippines@squarespace.com,1,1
534,apickrellet@ucla.edu,1,1
535,fchatwoodeu@baidu.com,1,1
536,mlomaxev@nifty.com,1,1
537,gdittsonew@census.gov,1,1
538,pmaniloex@webs.com,1,1
539,rburnittey@nsw.gov.au,1,1
540,rflowersez@un.org,1,1
541,dassonf0@mayoclinic.com,1,1
542,jchisholmef1@paypal.com,1,1
543,dlongmeadf2@wikispaces.com,1,1
544,hlanegranf3@yellowbook.com,1,1
545,sverdyf4@yellowbook.com,1,1
546,lbartosekf5@google.de,1,1
547,mpelzf6@gravatar.com,1,1
548,cdetocf7@mlb.com,1,1
549,ppochonf8@who.int,1,1
550,rharmstonf9@google.fr,1,1
551,gglavisfa@mit.edu,1,1
552,hfarthinfb@admin.ch,1,1
553,ebalnavesfc@amazonaws.com,1,1
554,awhymanfd@spotify.com,1,1
555,tbodimeadefe@ibm.com,1,1
556,pocahernyff@trellian.com,1,1
557,awortmanfg@adobe.com,1,1
558,krodriguesfh@pagesperso-orange.fr,1,1
559,lvezeyfi@flickr.com,1,1
560,vcrosscombefj@bluehost.com,1,1
561,rschwartzfk@whitehouse.gov,1,1
562,tpadellfl@squidoo.com,1,1
563,rrudingerfm@usatoday.com,1,1
564,alubmanfn@theguardian.com,1,1
565,dhamblenfo@businessinsider.com,1,1
566,lsloatfp@infoseek.co.jp,1,1
567,rwhieldonfq@biblegateway.com,1,1
568,wmaylamfr@ed.gov,1,1
569,kthewlesfs@t.co,1,1
570,clornsenft@aboutads.info,1,1
571,egreallyfu@usda.gov,1,1
572,vklicherfv@hibu.com,1,1
573,jcrawshayfw@php.net,1,1
574,nbootsfx@omniture.com,1,1
575,bbeltznerfy@abc.net.au,1,1
576,pcorrisonfz@people.com.cn,1,1
577,ahefferong0@ow.ly,1,1
578,mcalcuttg1@github.io,1,1
579,bsinnieg2@ucla.edu,1,1
580,twadmoreg3@linkedin.com,1,1
581,eblondelg4@xinhuanet.com,1,1
582,lcaselyg5@surveymonkey.com,1,1
583,wmaleckg6@slideshare.net,1,1
584,bbarkwayg7@jiathis.com,1,1
585,cwillmontg8@xing.com,1,1
586,jyurocjhing9@epa.gov,1,1
587,eerskinga@cmu.edu,1,1
588,sbellordgb@state.gov,1,1
589,edurgangc@1688.com,1,1
590,ldeferrarigd@purevolume.com,1,1
591,rcoulingge@unblog.fr,1,1
592,ekernergf@xinhuanet.com,1,1
593,lstoodersgg@goo.ne.jp,1,1
594,cbachergh@dell.com,1,1
595,tjahniggi@1und1.de,1,1
596,astidevergj@scientificamerican.com,1,1
597,jlidgertwoodgk@google.com.br,1,1
598,vpaviagl@e-recht24.de,1,1
599,mmcnevingm@discuz.net,1,1
600,dcoupegn@ehow.com,1,1
601,ibosankogo@spiegel.de,1,1
602,hpoppygp@umich.edu,1,1
603,eripongq@timesonline.co.uk,1,1
604,fabramigr@admin.ch,1,1
605,cdeboickgs@woothemes.com,1,1
606,nzanregt@nsw.gov.au,1,1
607,jspoursgu@wisc.edu,1,1
608,cscotsongv@diigo.com,1,1
609,abrummittgw@baidu.com,1,1
610,scayzergx@wordpress.com,1,1
611,abazekgy@google.co.uk,1,1
612,mfreeargz@ask.com,1,1
613,jpaddleh0@prweb.com,1,1
614,gmalacridah1@trellian.com,1,1
615,cblasgenh2@opera.com,1,1
616,sdederickh3@xing.com,1,1
617,fhellwigh4@histats.com,1,1
618,mwreyh5@prweb.com,1,1
619,zhammonh6@aboutads.info,1,1
620,fhaineyh7@washington.edu,1,1
621,gmeasorh8@smh.com.au,1,1
622,gschwartzh9@newyorker.com,1,1
623,bvancasteleha@gravatar.com,1,1
624,mschuttehb@cdc.gov,1,1
625,wscadinghc@cnet.com,1,1
626,dcurnnokkhd@mediafire.com,1,1
627,aalbutthe@earthlink.net,1,1
628,ehigbinhf@cpanel.net,1,1
629,asainsburybrownhg@diigo.com,1,1
630,rbennithh@baidu.com,1,1
631,ctophamhi@github.com,1,1
632,dmacaskillhj@youku.com,1,1
633,fbletsoehk@fema.gov,1,1
634,qalbrechthl@elegantthemes.com,1,1
635,rthyerhm@cloudflare.com,1,1
636,tsommervillehn@mac.com,1,1
637,esnufflebottomho@state.gov,1,1
638,egommowehp@netlog.com,1,1
639,jsongusthq@sciencedaily.com,1,1
640,dmacpikehr@wikimedia.org,1,1
641,abullivanths@dyndns.org,1,1
642,gfatherht@netlog.com,1,1
643,alittrickhu@multiply.com,1,1
644,fhaugghv@furl.net,1,1
645,thughhw@ucoz.com,1,1
646,mbendallhx@goo.ne.jp,1,1
647,mhaughianhy@toplist.cz,1,1
648,bmilingtonhz@theguardian.com,1,1
649,vsitlingtoni0@jugem.jp,1,1
650,crawnsleyi1@timesonline.co.uk,1,1
651,ylonnoni2@bloglovin.com,1,1
652,gbuisti3@mit.edu,1,1
653,edickingsi4@about.com,1,1
654,mcuthbertsoni5@free.fr,1,1
655,migouneti6@photobucket.com,1,1
656,ebraunsteini7@utexas.edu,1,1
657,mphetteplacei8@cnn.com,1,1
658,goleksiaki9@paginegialle.it,1,1
659,lstaresmeareia@bbb.org,1,1
660,lvasinib@tamu.edu,1,1
661,rcotillardic@foxnews.com,1,1
662,tcoweid@prnewswire.com,1,1
663,avandrillie@businessweek.com,1,1
664,emounceif@webmd.com,1,1
665,ldecruzeig@123-reg.co.uk,1,1
666,aleddieih@umich.edu,1,1
667,hmolohanii@newyorker.com,1,1
668,kjeaneauij@reference.com,1,1
669,aellerbeckik@webeden.co.uk,1,1
670,btaffieil@livejournal.com,1,1
671,abrennonim@dedecms.com,1,1
672,bswindellsin@loc.gov,1,1
673,lkyneio@usnews.com,1,1
674,baldamip@sbwire.com,1,1
675,igoodisoniq@sbwire.com,1,1
676,lhenderir@opera.com,1,1
677,agarratis@slideshare.net,1,1
678,charsesit@moonfruit.com,1,1
679,tpatroneiu@hibu.com,1,1
680,rmacmickaniv@amazon.de,1,1
681,dferraroiw@exblog.jp,1,1
682,nbeamsonix@hexun.com,1,1
683,lparkesiy@hc360.com,1,1
684,ktooheriz@flickr.com,1,1
685,skitchinhamj0@bloomberg.com,1,1
686,rcrudenj1@1und1.de,1,1
687,cnettij2@issuu.com,1,1
688,rconstancej3@dropbox.com,1,1
689,mwarsapj4@discuz.net,1,1
690,linderwickj5@illinois.edu,1,1
691,cpiperleyj6@cyberchimps.com,1,1
692,gmulkerrinsj7@stumbleupon.com,1,1
693,aplankej8@forbes.com,1,1
694,gjakubowskyj9@merriam-webster.com,1,1
695,sbeedhamja@geocities.com,1,1
696,ndreweryjb@hibu.com,1,1
697,jgierkejc@about.me,1,1
698,aclaypolejd@over-blog.com,1,1
699,candreeje@imageshack.us,1,1
700,rbennejf@mayoclinic.com,1,1
701,sbiasiojg@w3.org,1,1
702,kdebeauchempjh@artisteer.com,1,1
703,lneveji@howstuffworks.com,1,1
704,mpadsonjj@virginia.edu,1,1
705,aaylesburyjk@ucoz.ru,1,1
706,blemarjl@ebay.com,1,1
707,losheajm@google.cn,1,1
708,kmarquesejn@typepad.com,1,1
709,kmccurdyjo@liveinternet.ru,1,1
710,ochoppenjp@friendfeed.com,1,1
711,plurcockjq@xrea.com,1,1
712,ncrevaghjr@blogtalkradio.com,1,1
713,pduckelsjs@cisco.com,1,1
714,ylankesterjt@jugem.jp,1,1
715,igaskalju@lulu.com,1,1
716,acreeboejv@wikipedia.org,1,1
717,rfollandjw@stanford.edu,1,1
718,sjarrettjx@oracle.com,1,1
719,tmcginleyjy@gmpg.org,1,1
720,wclemencetjz@bloomberg.com,1,1
721,fbrownbridgek0@statcounter.com,1,1
722,bbondek1@princeton.edu,1,1
723,ldennisonk2@ehow.com,1,1
724,ckincadek3@quantcast.com,1,1
725,jchittiek4@columbia.edu,1,1
726,cdarrigok5@quantcast.com,1,1
727,opetriellok6@kickstarter.com,1,1
728,dbrasierk7@foxnews.com,1,1
729,acadigank8@newsvine.com,1,1
730,hgransdenk9@skype.com,1,1
731,klittlecoteka@census.gov,1,1
732,hpickinkb@storify.com,1,1
733,edayekc@blogger.com,1,1
734,glandrekd@mit.edu,1,1
735,jaldinke@comcast.net,1,1
736,eallpresskf@meetup.com,1,1
737,fparrisskg@nasa.gov,1,1
738,mbroodeskh@yolasite.com,1,1
739,tdekeepki@seesaa.net,1,1
740,oredierkj@chron.com,1,1
741,fdoorekk@paypal.com,1,1
742,mbisetkl@wiley.com,1,1
743,djudgkinskm@symantec.com,1,1
744,aferrieskn@artisteer.com,1,1
745,awhetherko@edublogs.org,1,1
746,fgambrellkp@seattletimes.com,1,1
747,vingledewkq@sakura.ne.jp,1,1
748,mhennerkr@google.es,1,1
749,cderellks@google.es,1,1
750,dstorrorkt@cisco.com,1,1
751,msyneku@nasa.gov,1,1
752,amckintykv@ox.ac.uk,1,1
753,mhaugerkw@reuters.com,1,1
754,tdunkirkkx@gizmodo.com,1,1
755,czappelky@sphinn.com,1,1
756,chaddrellkz@liveinternet.ru,1,1
757,brispenl0@toplist.cz,1,1
758,dlewsonl1@altervista.org,1,1
759,kmalel2@unblog.fr,1,1
760,cpumfrettl3@so-net.ne.jp,1,1
761,mfilesl4@ucoz.ru,1,1
762,zfaichneyl5@wix.com,1,1
763,rdallistonl6@spiegel.de,1,1
764,dchernl7@shinystat.com,1,1
765,dpokerl8@usa.gov,1,1
766,ptesyrol9@scribd.com,1,1
767,ffairsla@simplemachines.org,1,1
768,rluggarlb@google.co.uk,1,1
769,fgrimsleylc@cornell.edu,1,1
770,ncorsanld@businesswire.com,1,1
771,smacyle@qq.com,1,1
772,conolandlf@theglobeandmail.com,1,1
773,cbrantonlg@wikia.com,1,1
774,hormeslh@amazon.com,1,1
775,hfrakeli@columbia.edu,1,1
776,snurseylj@youtube.com,1,1
777,afancetlk@linkedin.com,1,1
778,crotherhamll@tmall.com,1,1
779,lricciardiellolm@digg.com,1,1
780,aruberryln@reuters.com,1,1
781,gvicareylo@vinaora.com,1,1
782,lselbachlp@com.com,1,1
783,gphippslq@digg.com,1,1
784,teidelmanlr@rambler.ru,1,1
785,eteasls@un.org,1,1
786,ejantonlt@amazon.co.uk,1,1
787,omarwicklu@xing.com,1,1
788,thargroveslv@google.it,1,1
789,tantenlw@plala.or.jp,1,1
790,ndinseylx@cmu.edu,1,1
791,mrikkardly@reference.com,1,1
792,mnewlz@gov.uk,1,1
793,wdergesm0@furl.net,1,1
794,cholliarm1@topsy.com,1,1
795,zsaylem2@posterous.com,1,1
796,ghinstridgem3@earthlink.net,1,1
797,rmannoochm4@woothemes.com,1,1
798,dmckeurtanm5@qq.com,1,1
799,bburhousem6@patch.com,1,1
800,jemneym7@dell.com,1,1
801,iclaraem8@facebook.com,1,1
802,gleguaym9@indiegogo.com,1,1
803,jlipgensma@w3.org,1,1
804,pwolfemb@si.edu,1,1
805,lbraggintonmc@github.io,1,1
806,sdurbannmd@printfriendly.com,1,1
807,kcleverlyme@1und1.de,1,1
808,mmacleodmf@creativecommons.org,1,1
809,kqusklaymg@stanford.edu,1,1
810,rscasemh@freewebs.com,1,1
811,mdorlingmi@blogspot.com,1,1
812,lmaccimj@tuttocitta.it,1,1
813,mocanavanmk@marriott.com,1,1
814,clandrieuml@yahoo.co.jp,1,1
815,lsommerliemm@kickstarter.com,1,1
816,pmcgillacoellmn@disqus.com,1,1
817,hbuckleymo@yahoo.com,1,1
818,llarkcummp@usa.gov,1,1
819,kdundredgemq@ucoz.ru,1,1
820,aelkingtonmr@gmpg.org,1,1
821,ctinemanms@smugmug.com,1,1
822,fjorismt@about.me,1,1
823,abissellmu@utexas.edu,1,1
824,adousemv@zdnet.com,1,1
825,pcristofolmw@chicagotribune.com,1,1
826,acockshttmx@pcworld.com,1,1
827,ejumeaumy@qq.com,1,1
828,mgitthousemz@admin.ch,1,1
829,rgomersalln0@soundcloud.com,1,1
830,alevertonn1@mashable.com,1,1
831,blyndn2@feedburner.com,1,1
832,tschimaschken3@g.co,1,1
833,igedneyn4@uiuc.edu,1,1
834,jtoderinin5@feedburner.com,1,1
835,skaisern6@ucoz.ru,1,1
836,ccastelown7@virginia.edu,1,1
837,gkoppeckn8@seesaa.net,1,1
838,mnysn9@altervista.org,1,1
839,fstovena@ft.com,1,1
840,gocloneynb@gov.uk,1,1
841,esiebartnc@desdev.cn,1,1
842,jfrithnd@ox.ac.uk,1,1
843,iwindressne@desdev.cn,1,1
844,tjalesnf@google.fr,1,1
845,apauloung@state.tx.us,1,1
846,dhanshawenh@360.cn,1,1
847,lwaisonni@bloomberg.com,1,1
848,hkiefernj@rakuten.co.jp,1,1
849,nsoggnk@unesco.org,1,1
850,deldertonnl@cdc.gov,1,1
851,nberntnm@reuters.com,1,1
852,orhubottomnn@netlog.com,1,1
853,wpettsno@reddit.com,1,1
854,ndyersnp@newyorker.com,1,1
855,jmccasternq@plala.or.jp,1,1
856,hhaysomnr@tiny.cc,1,1
857,rbresnahanns@guardian.co.uk,1,1
858,rdunannt@blinklist.com,1,1
859,bmasedonnu@github.io,1,1
860,bhawsonnv@columbia.edu,1,1
861,bderobertonw@de.vu,1,1
862,asurbynx@goo.ne.jp,1,1
863,skundtny@abc.net.au,1,1
864,rgutteridgenz@ftc.gov,1,1
865,dkamieno0@businessinsider.com,1,1
866,mmutimero1@skype.com,1,1
867,mmacconnechieo2@eventbrite.com,1,1
868,jmatejico3@archive.org,1,1
869,avialo4@bing.com,1,1
870,lparradineo5@stanford.edu,1,1
871,cscollio6@jugem.jp,1,1
872,fkrystofo7@google.cn,1,1
873,skoschkeo8@devhub.com,1,1
874,cantoniako9@accuweather.com,1,1
875,gburrisoa@jugem.jp,1,1
876,nfeatherstoneob@tumblr.com,1,1
877,cpindaroc@nsw.gov.au,1,1
878,mfallowod@ow.ly,1,1
879,rprophetoe@patch.com,1,1
880,ppavlovskyof@cbsnews.com,1,1
881,mleftridgeog@auda.org.au,1,1
882,ldacresoh@mapquest.com,1,1
883,mllewellenoi@homestead.com,1,1
884,lyouhilloj@edublogs.org,1,1
885,nmellyok@bigcartel.com,1,1
886,wtrenfieldol@devhub.com,1,1
887,ggravenellom@parallels.com,1,1
888,kworlockon@jiathis.com,1,1
889,tshallcrassoo@ucla.edu,1,1
890,avitallop@dropbox.com,1,1
891,wheadingsoq@example.com,1,1
892,emcalindonor@ibm.com,1,1
893,ecovenyos@census.gov,1,1
894,rsweetenhamot@trellian.com,1,1
895,agregorioou@nps.gov,1,1
896,gevittsov@domainmarket.com,1,1
897,schowneow@tamu.edu,1,1
898,hleversonox@mit.edu,1,1
899,otitmanoy@techcrunch.com,1,1
900,vbraveryoz@flickr.com,1,1
901,ktourniep0@cyberchimps.com,1,1
902,cclowserp1@mozilla.org,1,1
903,dwasielp2@pcworld.com,1,1
904,asappsonp3@gnu.org,1,1
905,dshewp4@chicagotribune.com,1,1
906,mhobbertp5@nyu.edu,1,1
907,ekemeryp6@symantec.com,1,1
908,sdabbotdoylep7@engadget.com,1,1
909,mgreethamp8@state.tx.us,1,1
910,okynderp9@soundcloud.com,1,1
911,cmcmurrayapa@independent.co.uk,1,1
912,dricharzpb@google.co.jp,1,1
913,ewoolliamspc@utexas.edu,1,1
914,jcaineypd@forbes.com,1,1
915,bedgcumbepe@barnesandnoble.com,1,1
916,aairetonpf@arizona.edu,1,1
917,knuccitellipg@reverbnation.com,1,1
918,jscampph@cyberchimps.com,1,1
919,odeantonipi@nature.com,1,1
920,gtookillpj@archive.org,1,1
921,dwestropepk@360.cn,1,1
922,bcallicottpl@ihg.com,1,1
923,dquinevanpm@nih.gov,1,1
924,dburnsellpn@so-net.ne.jp,1,1
925,rdibdallpo@digg.com,1,1
926,ohackworthpp@epa.gov,1,1
927,cgullbergpq@youku.com,1,1
928,bdeedespr@artisteer.com,1,1
929,cpiscopellops@foxnews.com,1,1
930,tredfernpt@delicious.com,1,1
931,atisunpu@123-reg.co.uk,1,1
932,bureypv@discovery.com,1,1
933,fgunnerpw@unicef.org,1,1
934,gfosdikepx@blogspot.com,1,1
935,sricardepy@ask.com,1,1
936,pmccanepz@amazon.co.jp,1,1
937,jlumlyq0@mapy.cz,1,1
938,rfeehelyq1@latimes.com,1,1
939,rbeggq2@yolasite.com,1,1
940,nscourfieldq3@redcross.org,1,1
941,mhynamq4@tripadvisor.com,1,1
942,dwoolhouseq5@ft.com,1,1
943,ycasarinoq6@google.co.uk,1,1
944,cphillcockq7@toplist.cz,1,1
945,cfayterq8@google.fr,1,1
946,gcarvillaq9@yolasite.com,1,1
947,jbarlasqa@hostgator.com,1,1
948,bshurmerqb@php.net,1,1
949,jlucasqc@elpais.com,1,1
950,gwarnqd@163.com,1,1
951,bdumphreyqe@europa.eu,1,1
952,mpegrumqf@cargocollective.com,1,1
953,dhardakerqg@acquirethisname.com,1,1
954,acudbirdqh@newsvine.com,1,1
955,mabelesqi@cbc.ca,1,1
956,tgrandissonqj@phpbb.com,1,1
957,bcusackqk@salon.com,1,1
958,dbluesql@flickr.com,1,1
959,jdudenieqm@nationalgeographic.com,1,1
960,mremonqn@eepurl.com,1,1
961,jhuggenqo@google.co.jp,1,1
962,gpolhillqp@apple.com,1,1
963,lheintzqq@nba.com,1,1
964,ktrenowethqr@slate.com,1,1
965,delijahuqs@imdb.com,1,1
966,ibodemeaidqt@ucoz.ru,1,1
967,jtootellqu@buzzfeed.com,1,1
968,gthroughtonqv@unesco.org,1,1
969,mmaccrossanqw@liveinternet.ru,1,1
970,ptealqx@fda.gov,1,1
971,rparleyqy@skyrock.com,1,1
972,esprattqz@ehow.com,1,1
973,astarzakerr0@dailymotion.com,1,1
974,jwinnettr1@amazon.com,1,1
975,ailymanovr2@barnesandnoble.com,1,1
976,lbirdenr3@mapy.cz,1,1
977,dpailinr4@examiner.com,1,1
978,awengerr5@naver.com,1,1
979,dtredgoldr6@netscape.com,1,1
980,langoodr7@usgs.gov,1,1
981,civanyutinr8@google.com.au,1,1
982,esarjantr9@who.int,1,1
983,ldickerlinera@moonfruit.com,1,1
984,eruddlerb@geocities.com,1,1
985,cdanbyrc@prnewswire.com,1,1
986,ranearrd@pagesperso-orange.fr,1,1
987,rpiegromere@github.com,1,1
988,hmccolerf@cocolog-nifty.com,1,1
989,jdibartolomeorg@reference.com,1,1
990,bpignyrh@archive.org,1,1
991,mbridgemanri@naver.com,1,1
992,fwardenrj@hp.com,1,1
993,ihydechambersrk@domainmarket.com,1,1
994,kmatusrl@rambler.ru,1,1
995,mchevisrm@squidoo.com,1,1
996,apoacherrn@rambler.ru,1,1
997,kpalaro@google.cn,1,1
998,eridgwellrp@foxnews.com,1,1
999,mdrakeleyrq@google.com.br,1,1
1000,bgossagerr@prweb.com,1,1
