id,hasPhysician,physicianFirstName,physicianLastName,physicianLocation
1,0,NULL,NULL,NULL
2,1,Martica,Kevern,9905 Arkansas Parkway
3,0,NULL,NULL,NULL
4,0,NULL,NULL,NULL
5,1,Hyatt,Booi,4650 Lunder Crossing
6,1,Ruth,Le Brum,17165 Becker Court
7,0,NULL,NULL,NULL
8,1,Saudra,Godden,95394 Prairieview Trail
9,1,Aldon,MacGuffie,66427 Little Fleur Road
10,0,NULL,NULL,NULL
11,1,Henriette,Ferriman,1 Randy Road
12,0,NULL,NULL,NULL
13,0,NULL,NULL,NULL
14,1,Cristionna,Flahy,01 Shoshone Lane
15,0,NULL,NULL,NULL
16,1,Erica,Worsley,693 Fair Oaks Park
17,0,NULL,NULL,NULL
18,0,NULL,NULL,NULL
19,1,Christin,Sazio,47008 Dryden Street
20,1,Pierette,Geeritz,1 7th Terrace
21,0,NULL,NULL,NULL
22,0,NULL,NULL,NULL
23,1,Falkner,Fiorentino,0 American Parkway
24,1,Arni,Woolhouse,1 Huxley Lane
25,1,Nedda,Echallier,9267 Leroy Drive
26,1,Evy,Ewin,2261 Chinook Court
27,0,NULL,NULL,NULL
28,1,Bernita,Kempster,7686 Pine View Lane
29,1,Koralle,Iliff,436 Summit Lane
30,1,Lindsy,Belsher,85862 Superior Junction
31,1,Hillel,Connichie,88 Everett Circle
32,0,NULL,NULL,NULL
33,0,NULL,NULL,NULL
34,1,Annadiane,Yole,502 Russell Avenue
35,1,Carlota,Draye,405 Westport Trail
36,1,Gertrud,Bachellier,95705 6th Circle
37,1,Early,Lambarton,368 Arrowood Crossing
38,1,Caprice,Schanke,8292 Artisan Way
39,1,Denna,Stapleton,6 Esker Trail
40,1,Agathe,Baynard,88753 Calypso Plaza
41,1,Catie,Iozefovich,5057 Sutteridge Hill
42,1,Shay,Sharple,12 Hoard Avenue
43,0,NULL,NULL,NULL
44,1,Vergil,Mullord,29483 Logan Trail
45,1,Dorry,Slidders,34993 Forest Dale Road
46,1,Marj,Herkess,71 Comanche Place
47,0,NULL,NULL,NULL
48,1,Adrian,Mungan,948 American Point
49,1,Fanny,Giblett,1160 4th Alley
50,1,Scott,McCague,7 Elka Avenue
51,1,Dareen,D'Ambrosi,6435 Chinook Point
52,0,NULL,NULL,NULL
53,1,Lacee,Dongall,21 Brentwood Drive
54,1,Tad,Southwell,17990 Graedel Street
55,1,Karlyn,Brockie,21 Pearson Parkway
56,1,Reinwald,Tonna,7 Declaration Way
57,0,NULL,NULL,NULL
58,0,NULL,NULL,NULL
59,1,Britni,Alway,93 Loeprich Way
60,1,Marietta,Calabry,3962 Farragut Trail
61,1,Merrill,McDowall,907 Jenifer Avenue
62,1,Sansone,Alanbrooke,8 Cody Alley
63,1,Carmela,Vale,21 Grasskamp Street
64,1,Dallis,Klempke,0 Sycamore Pass
65,1,Cathryn,Ettels,18 Hudson Plaza
66,1,Pandora,Lynn,2443 Main Lane
67,1,Orren,Piwall,84654 Sundown Lane
68,0,NULL,NULL,NULL
69,1,Aeriel,Ness,86 Del Sol Street
70,1,Callean,Kester,14 Straubel Terrace
71,1,Woodie,Caraher,79125 Grasskamp Terrace
72,0,NULL,NULL,NULL
73,1,Rae,Vynall,093 Continental Lane
74,0,NULL,NULL,NULL
75,0,NULL,NULL,NULL
76,0,NULL,NULL,NULL
77,1,Shurlock,Zannutti,070 Westridge Road
78,1,Friedrick,Dobbyn,59 Westend Lane
79,1,Norina,Giannazzo,15755 6th Lane
80,1,Paton,Telford,76 Lakeland Circle
81,1,Emilio,Sherewood,2 Pankratz Trail
82,0,NULL,NULL,NULL
83,1,Wildon,Ciobutaro,1427 Summerview Way
84,1,Annabela,Henriques,2 Reindahl Drive
85,1,Gifford,MacCracken,090 Glacier Hill Street
86,0,NULL,NULL,NULL
87,1,Alberta,Beachamp,005 Scott Street
88,1,Nanon,Mation,720 Harper Alley
89,1,Jed,Bennedick,5764 Debs Avenue
90,1,Yancey,Lesor,51469 Eagle Crest Terrace
91,1,Dodi,Board,988 Sheridan Center
92,1,Esra,Owain,3 Annamark Alley
93,1,Cristiano,Rawlison,8 Mesta Avenue
94,1,Niki,Prestland,6987 Forest Circle
95,1,Bailey,Tansley,36 Lawn Hill
96,1,Ketty,Frisby,2 Kingsford Road
97,1,Dionne,Kirsopp,57179 Transport Way
98,1,L;urette,Feirn,49903 Pierstorff Parkway
99,1,Angel,Simoncini,16 David Place
100,1,Lorelei,Girton,221 David Circle
101,1,Dalli,McDuall,308 Luster Hill
102,1,Charmian,Gorgen,15376 Laurel Alley
103,0,NULL,NULL,NULL
104,1,Barn,Wipfler,27 Delaware Hill
105,1,Linell,Drakard,371 Green Pass
106,1,Oswell,Amor,135 Caliangt Avenue
107,0,NULL,NULL,NULL
108,0,NULL,NULL,NULL
109,0,NULL,NULL,NULL
110,1,Cobbie,Matijevic,6879 Thackeray Lane
111,1,Gussy,Bolding,1439 Cambridge Lane
112,1,Yolanda,Lynam,4115 Shelley Junction
113,1,Giacinta,Arndell,106 Lake View Plaza
114,1,Ash,Clausner,82808 Brown Lane
115,1,Britni,O'Connel,795 8th Road
116,0,NULL,NULL,NULL
117,0,NULL,NULL,NULL
118,1,Zeke,Frankling,1 Declaration Court
119,1,Sashenka,Yole,48 Vidon Park
120,1,Son,Axelbee,24 Grover Alley
121,1,Brose,Patise,99098 Garrison Terrace
122,0,NULL,NULL,NULL
123,1,Tanny,Grewcock,62 Corben Point
124,1,Bud,Yukhnevich,3405 Cottonwood Road
125,1,Abbie,Matiasek,486 Waxwing Pass
126,1,Zulema,Muldrew,34747 Vahlen Way
127,1,Darnell,Escoffrey,66170 Shelley Center
128,1,Doralynne,McKinna,76933 Bluejay Parkway
129,0,NULL,NULL,NULL
130,1,Camilla,Wellan,44971 Michigan Point
131,0,NULL,NULL,NULL
132,1,Waylen,Avis,7720 Arizona Pass
133,1,Jada,Lermouth,9497 Green Terrace
134,1,Sondra,Thayre,2393 Hanson Circle
135,1,Giorgia,Pauleit,21 Garrison Place
136,1,Cletus,Edgeller,7 Schurz Circle
137,0,NULL,NULL,NULL
138,1,Rayshell,Piniur,2 Lillian Court
139,0,NULL,NULL,NULL
140,1,Meier,Synder,57 Quincy Way
141,1,Shepherd,Curbishley,215 Park Meadow Street
142,1,Hadlee,Bruster,16 Garrison Circle
143,0,NULL,NULL,NULL
144,1,Vanya,Quiddington,6585 Northport Drive
145,1,Correy,Tagg,83 Johnson Drive
146,1,Tommie,Dives,97 Steensland Trail
147,1,Derwin,Swatton,8 Manufacturers Way
148,1,Iggy,Guerrier,804 Schlimgen Street
149,1,Codi,Cossins,7 Hudson Pass
150,1,Saxon,Dowsett,09 Randy Street
151,1,Paula,Starmont,2719 Shoshone Lane
152,1,Benjamen,Brattell,4543 Packers Avenue
153,1,Arline,Moro,24 Luster Crossing
154,1,Anna,Beatens,46345 Westridge Street
155,1,Sawyere,Isbell,1050 Northland Street
156,1,Donn,Guyonneau,90517 Dwight Crossing
157,1,Brear,McCague,0669 Larry Court
158,1,Gene,Dederick,154 Butterfield Place
159,0,NULL,NULL,NULL
160,0,NULL,NULL,NULL
161,1,Malvina,Hugli,50776 Oneill Circle
162,1,Romonda,Cowndley,24 Bay Street
163,1,Hardy,Ulyatt,494 Pennsylvania Hill
164,0,NULL,NULL,NULL
165,1,Adela,Bolstridge,3265 Delladonna Alley
166,1,Courtnay,Kettoe,64 Burrows Street
167,1,Henry,Pummery,565 Derek Point
168,1,Vitoria,Simeon,3 Bartelt Parkway
169,1,Belle,Bairnsfather,025 Beilfuss Point
170,1,Conrad,Georges,21 Farmco Terrace
171,1,Anthiathia,Gyer,96 Memorial Lane
172,1,Katerina,Bier,939 Crownhardt Circle
173,0,NULL,NULL,NULL
174,1,Opal,Yarn,02539 Service Terrace
175,0,NULL,NULL,NULL
176,1,Tomas,Parbrook,01045 Melvin Parkway
177,1,Shena,Pulhoster,77 Hovde Junction
178,0,NULL,NULL,NULL
179,1,Moshe,Martinets,93326 Pennsylvania Pass
180,1,Sheffy,Tillett,45426 Walton Circle
181,1,Karlan,Vanacci,647 Algoma Drive
182,0,NULL,NULL,NULL
183,1,Elene,Finney,929 Meadow Valley Alley
184,1,Adrien,Hinrich,74918 Colorado Drive
185,1,Zsazsa,Gooderson,12 Victoria Parkway
186,1,Gunter,Ridder,87074 Summerview Park
187,1,Ardath,Anscombe,09547 Gina Drive
188,1,Codie,Kerwin,09205 Boyd Center
189,1,Dorotea,Durrett,199 Orin Trail
190,1,Rebekkah,Kenninghan,9326 Bluestem Lane
191,0,NULL,NULL,NULL
192,1,Padriac,Brewse,46178 Sunnyside Way
193,1,Dianna,Gergler,31 Rowland Drive
194,0,NULL,NULL,NULL
195,1,Urban,Maddaford,7000 Drewry Circle
196,0,NULL,NULL,NULL
197,1,Sheridan,Doulton,23595 Di Loreto Lane
198,0,NULL,NULL,NULL
199,1,Korey,Coltart,4751 Goodland Point
200,1,Daniella,Bishell,28957 Glacier Hill Way
201,1,Porter,Morrott,1296 Luster Trail
202,1,Roley,Strapp,4 Clarendon Lane
203,1,Jacky,Worrell,6066 Holmberg Drive
204,1,Layla,Dunkerly,05 Basil Junction
205,0,NULL,NULL,NULL
206,1,Merle,Junkin,5 Moulton Drive
207,1,Venus,Sunman,64211 Ronald Regan Road
208,1,Jakob,Reddel,76979 Rusk Hill
209,0,NULL,NULL,NULL
210,0,NULL,NULL,NULL
211,1,Miguelita,Allsupp,392 Parkside Terrace
212,1,Anni,Skillern,48873 Green Street
213,1,Merrill,Gerber,27157 David Road
214,0,NULL,NULL,NULL
215,0,NULL,NULL,NULL
216,1,Manya,Mabee,0 Michigan Hill
217,0,NULL,NULL,NULL
218,0,NULL,NULL,NULL
219,1,Katinka,McLorinan,35805 Utah Way
220,1,Georg,Klink,37 Kensington Center
221,1,Nicolas,Dugood,060 Mandrake Trail
222,1,Berny,Legendre,34944 Shoshone Center
223,0,NULL,NULL,NULL
224,1,Erminie,Mattacks,778 Dawn Terrace
225,0,NULL,NULL,NULL
226,0,NULL,NULL,NULL
227,1,Shannan,Plenderleith,3258 Loftsgordon Parkway
228,1,Baillie,Matuszinski,68363 Dorton Hill
229,0,NULL,NULL,NULL
230,1,Brooke,Bischop,92934 Monument Hill
231,0,NULL,NULL,NULL
232,0,NULL,NULL,NULL
233,1,Kendricks,Stansbury,41 Mendota Terrace
234,1,Albertina,De Atta,403 Larry Point
235,1,Almire,Goodright,850 Gateway Pass
236,1,Stephenie,Akister,10923 Maple Wood Parkway
237,0,NULL,NULL,NULL
238,1,Karoly,Feldberg,51761 Memorial Court
239,1,Caddric,Clausen,3527 Algoma Court
240,1,Andreana,Burley,37856 Thompson Trail
241,0,NULL,NULL,NULL
242,1,Dari,Georg,334 Northview Circle
243,1,Thomasin,Castano,58 Bluestem Crossing
244,0,NULL,NULL,NULL
245,1,Clint,Reynoldson,4796 Mandrake Trail
246,1,Cinnamon,Dungate,7368 Karstens Junction
247,0,NULL,NULL,NULL
248,1,Wilden,Warry,1683 Gerald Trail
249,1,Leonore,Leynton,6 Michigan Center
250,1,Willis,Ubsdell,63976 Di Loreto Point
251,1,Bryce,McGibbon,1 Grasskamp Center
252,1,Farley,Nuzzi,261 Macpherson Point
253,0,NULL,NULL,NULL
254,1,Vilma,Antonognoli,71905 Dovetail Point
255,0,NULL,NULL,NULL
256,1,Rey,Collie,076 Paget Point
257,1,Barde,Killingsworth,361 Elka Terrace
258,1,Zebadiah,Comiskey,724 Twin Pines Hill
259,1,Del,Antunes,3 Walton Avenue
260,0,NULL,NULL,NULL
261,0,NULL,NULL,NULL
262,1,Cliff,O'Doherty,86 Lunder Way
263,0,NULL,NULL,NULL
264,0,NULL,NULL,NULL
265,0,NULL,NULL,NULL
266,1,Swen,Jarmain,6957 Nancy Parkway
267,1,Chelsey,Copsey,12 Rowland Way
268,1,Jo,Idwal Evans,26 Onsgard Circle
269,1,Rivi,Huxley,945 Graceland Trail
270,1,Gerri,Gwilliams,4 Huxley Street
271,1,Cassey,Casarino,3157 Esch Pass
272,1,Peta,McClenan,20 Garrison Park
273,1,Cicily,McDougall,6973 Hazelcrest Court
274,0,NULL,NULL,NULL
275,1,Kathy,Foley,3357 Del Mar Court
276,1,Keen,Strut,06 Debra Center
277,1,Reba,Thomlinson,418 Westerfield Hill
278,0,NULL,NULL,NULL
279,0,NULL,NULL,NULL
280,0,NULL,NULL,NULL
281,1,Terrye,Corton,686 Fairview Junction
282,1,Carol,Tyer,679 Carioca Circle
283,1,Angie,Bleby,25 Manitowish Crossing
284,1,Winston,Bogaert,1394 Arrowood Avenue
285,1,Alessandro,Brundale,6619 Debs Place
286,0,NULL,NULL,NULL
287,1,Lindie,Trevers,142 Rusk Court
288,0,NULL,NULL,NULL
289,1,Norean,Jeanneau,9541 David Center
290,1,Yolane,Pietzner,24952 Scoville Hill
291,0,NULL,NULL,NULL
292,0,NULL,NULL,NULL
293,1,Clayborn,Harrild,950 Forest Pass
294,1,Lennard,Molines,68782 Bluestem Street
295,0,NULL,NULL,NULL
296,1,Tracee,Binford,0 Hazelcrest Circle
297,1,Uri,Pitblado,40906 Farmco Lane
298,0,NULL,NULL,NULL
299,1,Robinia,Antonomolii,457 Moland Terrace
300,1,Rasia,Ornillos,64 Morningstar Street
301,1,Aldous,Bygrave,5885 Basil Park
302,1,Evaleen,Chitham,6223 Hoepker Junction
303,1,Kelsey,Antrim,628 Rigney Trail
304,1,Minda,Piddle,5 Gulseth Crossing
305,0,NULL,NULL,NULL
306,1,Billie,Reffe,69 Division Plaza
307,1,Vassili,Mc Coughan,112 Merry Park
308,1,Henka,Johannesson,0137 Ohio Alley
309,1,Sib,Bannell,1 Oak Valley Circle
310,1,Mathian,Abrashkov,58339 Buena Vista Way
311,0,NULL,NULL,NULL
312,0,NULL,NULL,NULL
313,0,NULL,NULL,NULL
314,1,Amargo,Crocker,5 Division Center
315,1,Nataline,Rauprich,5 Sachtjen Lane
316,1,Franz,Aspinall,867 North Plaza
317,1,Berty,Espadater,72 Oak Valley Crossing
318,1,Enoch,Adami,8767 Toban Park
319,1,Martyn,Paddell,96 Talisman Avenue
320,1,Corine,Fulton,5 Porter Avenue
321,0,NULL,NULL,NULL
322,0,NULL,NULL,NULL
323,1,Brit,Mayor,1 Lakeland Park
324,1,Jory,Charley,4372 Hudson Park
325,1,Devin,Bagger,4 Eastlawn Road
326,1,Jacinta,Buller,224 Muir Plaza
327,0,NULL,NULL,NULL
328,1,Flossy,Bachs,0874 Morningstar Avenue
329,0,NULL,NULL,NULL
330,0,NULL,NULL,NULL
331,1,Gabriell,Hazeup,0 Graedel Circle
332,1,Ginni,Bridgement,1983 Kennedy Trail
333,1,Deedee,Backes,07 Luster Lane
334,1,Mead,Lowther,9 Garrison Drive
335,0,NULL,NULL,NULL
336,1,Megen,Monkeman,86433 Manitowish Street
337,1,Vale,Klink,24336 Birchwood Point
338,0,NULL,NULL,NULL
339,0,NULL,NULL,NULL
340,1,Raleigh,Ivanets,6728 Manufacturers Hill
341,1,Wynny,Iston,32476 Westerfield Court
342,1,Shelby,Jailler,449 Elgar Place
343,1,Zola,Jina,92736 Kinsman Crossing
344,1,Cori,Bilborough,84786 Fremont Crossing
345,1,Edna,Stillgoe,3 Almo Way
346,0,NULL,NULL,NULL
347,1,Wayne,Cornew,34 Maryland Point
348,1,Red,Matanin,982 Mosinee Hill
349,0,NULL,NULL,NULL
350,1,Henri,Monnoyer,9193 Tennessee Circle
351,1,Farleigh,Halfpenny,37 Lindbergh Circle
352,1,Wittie,Spirritt,391 Transport Junction
353,0,NULL,NULL,NULL
354,1,Marnie,Torra,2247 Oak Valley Hill
355,1,Fredra,Oxenden,56996 Cascade Court
356,1,Guillema,Ablewhite,06 Scoville Point
357,1,Jamal,Bernardot,22400 Maryland Terrace
358,1,Gwenneth,Jackways,4938 Harper Alley
359,1,Mirabella,Andreopolos,4656 Esch Parkway
360,1,Chaim,Lawman,74395 Calypso Avenue
361,1,Odey,Oxberry,3771 Ridgeview Junction
362,1,Sayers,Hardison,108 Truax Road
363,1,Philbert,Falla,73 Dottie Place
364,1,Meryl,Jarnell,64633 Northwestern Junction
365,1,Gabi,Cordall,9507 Veith Avenue
366,1,Jaine,Everal,0711 Buhler Terrace
367,1,Darline,McCutheon,5 Anzinger Drive
368,1,Tann,Skully,7235 Mifflin Avenue
369,1,Alanah,Curley,0 Magdeline Trail
370,1,Lorettalorna,Capron,94397 Pankratz Junction
371,1,Margo,Hackinge,37870 Tennyson Street
372,1,Terza,Poluzzi,234 Fisk Point
373,1,Shae,McRitchie,38 Sutteridge Way
374,1,Brewer,Haucke,52825 Kingsford Court
375,1,Ricca,Morbey,4081 Paget Hill
376,1,Frants,Callaby,3 Moulton Lane
377,1,Mandi,Reddecliffe,40 Duke Junction
378,1,Chaddy,Powder,9 Doe Crossing Alley
379,0,NULL,NULL,NULL
380,1,Bing,Hefner,56 Harbort Pass
381,1,Tiebout,Beaves,35140 Vermont Street
382,1,Gray,Kettlestringe,37 Maywood Avenue
383,1,Charlene,Bestall,40 Pleasure Parkway
384,0,NULL,NULL,NULL
385,1,Raimundo,Latek,38174 Kings Lane
386,1,Lyn,Limming,9 Lukken Parkway
387,0,NULL,NULL,NULL
388,1,Rania,Rannigan,110 Warbler Center
389,0,NULL,NULL,NULL
390,1,Curtis,Rodgerson,01737 Parkside Street
391,1,Alexina,Korlat,4180 Bayside Road
392,1,Noreen,Glas,7 Lawn Street
393,1,Curcio,Ulrik,20943 Northridge Pass
394,1,Warden,Jeannel,90873 Sullivan Parkway
395,1,Meara,Juzek,17266 Gateway Place
396,1,Lanna,Duding,821 Debra Hill
397,1,Vinny,Gilardi,46200 Carey Street
398,1,Irwinn,Ellum,2 Ridge Oak Road
399,1,Trina,Dumbleton,4042 Hansons Hill
400,1,Kellie,Matz,4 Anniversary Avenue
401,1,Cart,Tamblingson,7 Chinook Trail
402,0,NULL,NULL,NULL
403,1,Phedra,Surgen,253 Crescent Oaks Park
404,1,Mia,Cordet,1 Northview Court
405,0,NULL,NULL,NULL
406,0,NULL,NULL,NULL
407,1,Yorker,Seamer,856 Orin Drive
408,1,Dedie,Lathaye,6879 Bultman Road
409,1,Enriqueta,Parades,56175 Oak Terrace
410,1,Ulric,Wollers,30 Melody Lane
411,1,Koo,Landsberg,5175 Summerview Terrace
412,1,Kristin,Jansson,37 Ridgeview Drive
413,1,Paolina,Wheatman,96587 Fuller Center
414,1,Neill,Llewhellin,6111 8th Lane
415,1,Gordon,Ungerer,77 Heffernan Park
416,1,Cornelle,De Laspee,82112 Mariners Cove Street
417,1,Mortimer,Preddy,293 Banding Park
418,0,NULL,NULL,NULL
419,1,Ricki,Normandale,0475 Grayhawk Alley
420,1,Filippa,Eannetta,266 Little Fleur Lane
421,0,NULL,NULL,NULL
422,1,Corey,Kehri,078 Oxford Drive
423,1,Cissy,Matthius,28 Canary Trail
424,1,Wallas,Ferroni,517 Laurel Park
425,0,NULL,NULL,NULL
426,1,Franklyn,Galley,27868 Michigan Center
427,1,Luella,Bouskill,364 Mallory Terrace
428,1,Riki,Arrell,71 Basil Point
429,1,Perl,Thomel,658 Trailsway Way
430,0,NULL,NULL,NULL
431,1,Ramona,Holstein,3629 Linden Alley
432,0,NULL,NULL,NULL
433,1,Barri,Strasse,5200 Doe Crossing Way
434,0,NULL,NULL,NULL
435,0,NULL,NULL,NULL
436,1,Maressa,Petyanin,614 Crest Line Parkway
437,1,Mordy,Flear,963 Fisk Alley
438,1,Maddi,Leopold,13322 Stang Alley
439,1,Michale,Baradel,11 Heath Alley
440,0,NULL,NULL,NULL
441,0,NULL,NULL,NULL
442,0,NULL,NULL,NULL
443,1,Alia,Gerretsen,3 Division Avenue
444,1,Brittni,Olanda,82697 Florence Lane
445,1,Johnette,Brettell,988 Prentice Junction
446,1,Barn,Moff,45151 John Wall Avenue
447,1,Claudell,Bumby,503 Farragut Way
448,0,NULL,NULL,NULL
449,1,Celestyn,Tattershaw,46 Utah Crossing
450,1,Franky,Osmon,944 Bay Parkway
451,1,Egbert,Basley,36694 Dixon Point
452,1,Leticia,Churms,0763 Welch Pass
453,1,Sophia,Glading,25 Claremont Avenue
454,1,Jacquetta,Habbema,29265 Blue Bill Park Center
455,0,NULL,NULL,NULL
456,1,Quill,Collen,08366 Bluestem Place
457,0,NULL,NULL,NULL
458,1,Davis,Oaten,0557 Maple Drive
459,0,NULL,NULL,NULL
460,1,Beilul,Briskey,10 Cottonwood Crossing
461,1,Bradly,Tribe,6093 Everett Lane
462,1,Claretta,Bushell,172 Debs Place
463,1,Consalve,Spykings,88 Park Meadow Junction
464,1,Beulah,Dransfield,18 Esker Way
465,1,Shelly,Brommage,872 Northwestern Road
466,1,Ambros,Wildish,3 Coleman Pass
467,1,Tuck,Guillon,84 Quincy Lane
468,1,Katrine,Matts,5 Annamark Drive
469,1,Blinni,Stammers,51 Melrose Alley
470,1,Terry,Bremen,8213 Algoma Crossing
471,1,Hedi,Bromhead,036 Hallows Place
472,1,Aaren,Cuschieri,8 3rd Avenue
473,1,Aubrie,Renols,4 Sullivan Drive
474,1,Rosmunda,Plunket,3 Corry Lane
475,1,Denice,Albany,5734 Oriole Drive
476,1,Kit,Cornwell,286 Golf Course Place
477,1,Forrester,Pearmain,07106 Wayridge Parkway
478,0,NULL,NULL,NULL
479,1,Maximilian,Fairholm,34162 Hanson Park
480,1,Alecia,Senecaut,26082 Karstens Trail
481,1,Osbourne,Poole,5588 Trailsway Hill
482,0,NULL,NULL,NULL
483,1,Tommi,Skerme,08833 Stuart Drive
484,0,NULL,NULL,NULL
485,1,Phylys,Tilbey,60 Kipling Trail
486,1,Neda,McVey,6754 Ohio Alley
487,1,Antoni,Scurrah,6065 Hooker Street
488,1,Jami,Delve,151 Hintze Junction
489,1,Marris,Keightley,369 Victoria Parkway
490,1,Don,Dyne,660 Fulton Place
491,0,NULL,NULL,NULL
492,0,NULL,NULL,NULL
493,1,Della,Kristiansen,102 Burrows Plaza
494,1,Hyman,Patriskson,993 Carioca Lane
495,1,Ardyce,Egle,8355 Johnson Hill
496,0,NULL,NULL,NULL
497,0,NULL,NULL,NULL
498,0,NULL,NULL,NULL
499,1,Brigitta,Gilder,8 Burrows Terrace
500,1,Normie,MacEllen,7345 Declaration Street
501,0,NULL,NULL,NULL
502,1,Roxi,Orsay,92845 Gulseth Point
503,0,NULL,NULL,NULL
504,1,Sheffy,Blow,265 Calypso Street
505,1,Elva,Hatter,15079 Schiller Road
506,1,Dorotea,Serridge,172 Morning Park
507,1,Andrea,Naish,7423 Morning Hill
508,1,Rees,Damp,4581 John Wall Avenue
509,0,NULL,NULL,NULL
510,1,Berkley,Cossam,24 Armistice Court
511,1,Savina,Camplen,3 Tomscot Road
512,1,Koo,Vassar,373 Crownhardt Avenue
513,1,Celestyna,Ellum,03 Burrows Alley
514,1,Ly,Acreman,1988 Buhler Park
515,1,Cecelia,Dovidaitis,712 Sycamore Plaza
516,0,NULL,NULL,NULL
517,1,Rozanne,Baden,374 Grasskamp Street
518,1,Panchito,Mould,895 Upham Pass
519,1,Diane-marie,Agates,8 Hollow Ridge Street
520,1,Benson,Lozano,58 Homewood Terrace
521,1,Erv,Hillaby,90767 Ruskin Road
522,1,Alexandro,Berridge,7665 3rd Lane
523,0,NULL,NULL,NULL
524,1,Rayna,Pedrick,5 Reindahl Hill
525,1,Rois,Ferandez,18035 Macpherson Junction
526,1,Vickie,St. Paul,4 Kingsford Parkway
527,0,NULL,NULL,NULL
528,1,Giana,Cammoile,83088 Melby Parkway
529,1,Gavrielle,Gentner,5532 Oxford Trail
530,1,Benita,McIlharga,74682 Blackbird Junction
531,1,Dulcinea,Connelly,359 Rieder Alley
532,1,Nelli,Frederick,7 Fulton Trail
533,1,Abbi,Gilderoy,07 Sullivan Crossing
534,1,Briny,Beebee,22335 Delaware Lane
535,1,Valaree,Di Baudi,16 Anniversary Road
536,0,NULL,NULL,NULL
537,1,Lyon,Heart,9050 Spaight Trail
538,0,NULL,NULL,NULL
539,0,NULL,NULL,NULL
540,1,Clari,Gillies,95 Montana Place
541,1,Woodman,Matieu,148 Lawn Circle
542,1,Ange,Belsham,139 Elmside Road
543,1,Ken,Cattlemull,95 Spohn Street
544,1,Merrie,Alexsandrovich,605 Debs Pass
545,1,Liana,Tilt,83175 Hovde Alley
546,1,Niel,Barkes,27422 Judy Place
547,1,Fee,Zarfat,41650 Mockingbird Court
548,1,Bartholomew,Hinstock,93 Arkansas Circle
549,1,Harley,Menier,556 Eastlawn Junction
550,0,NULL,NULL,NULL
551,1,Christean,Clethro,73346 Buena Vista Parkway
552,0,NULL,NULL,NULL
553,1,Quinton,Lindsey,856 Kedzie Junction
554,1,Beau,Shewsmith,65167 Goodland Center
555,1,Thain,Tytcomb,05470 Lighthouse Bay Way
556,1,Elise,Peake,4576 Clemons Crossing
557,0,NULL,NULL,NULL
558,1,Melisa,Sollis,03869 Northfield Parkway
559,1,Lee,Scampion,607 Briar Crest Hill
560,1,Fonz,Auden,3981 Spaight Place
561,1,Leupold,Matyasik,073 Golf View Drive
562,1,Peterus,Minall,29 Steensland Way
563,1,Brennen,Duly,0248 Talisman Lane
564,1,Chrissie,O'Henecan,997 Del Sol Road
565,1,Eydie,Skyrme,5474 School Hill
566,1,Hayley,Marshfield,1 Mcguire Street
567,0,NULL,NULL,NULL
568,0,NULL,NULL,NULL
569,0,NULL,NULL,NULL
570,0,NULL,NULL,NULL
571,0,NULL,NULL,NULL
572,1,Wenona,Treher,8 Shasta Lane
573,1,Cathyleen,Toor,01845 Sunbrook Place
574,0,NULL,NULL,NULL
575,1,Rosette,Cowx,0737 Rowland Hill
576,1,Demetris,Chatwood,4 Spaight Avenue
577,1,Vale,Asling,5 Delaware Terrace
578,1,Veriee,Thornton-Dewhirst,81 Longview Junction
579,1,Jannel,Zettler,604 Drewry Alley
580,1,Dur,Colwell,4 Del Mar Park
581,1,Deni,Braben,628 Parkside Road
582,1,Hildagarde,Karpman,4196 Grasskamp Pass
583,1,Sly,Balthasar,3024 Tennyson Drive
584,0,NULL,NULL,NULL
585,1,Hort,Blazy,973 Veith Hill
586,0,NULL,NULL,NULL
587,1,Julianne,Stendall,908 Maple Wood Hill
588,0,NULL,NULL,NULL
589,1,Oralee,Oakden,34 Service Lane
590,1,Francklyn,Dealey,4419 Cottonwood Parkway
591,1,Conrado,Sherbrook,581 Maple Parkway
592,0,NULL,NULL,NULL
593,1,Maggy,Philipet,01018 Little Fleur Street
594,0,NULL,NULL,NULL
595,1,Pat,Cadman,3 Pankratz Alley
596,1,Keeley,Manton,79045 Independence Alley
597,1,Hillel,Tower,99718 Cottonwood Parkway
598,1,Karl,Jannex,07 Morningstar Circle
599,1,Dermot,Dacca,516 Continental Plaza
600,0,NULL,NULL,NULL
601,1,Hamil,Canham,5 Meadow Valley Road
602,1,Ozzie,Coleridge,5 Blackbird Alley
603,1,Pen,Carlo,0021 Mayer Lane
604,1,Terese,Turn,6795 Golden Leaf Pass
605,1,Duff,Bebbington,4 Cascade Street
606,0,NULL,NULL,NULL
607,1,Ninnette,Girardoni,3145 Cordelia Terrace
608,1,Lanie,Kersley,2595 Southridge Crossing
609,1,Jethro,Enrrico,83 Debra Point
610,1,Nelson,Pole,7979 Arrowood Avenue
611,1,Burton,Eads,217 Merry Place
612,1,Luise,Findlater,920 Memorial Center
613,0,NULL,NULL,NULL
614,1,Vincents,Gilliatt,6390 Melby Road
615,1,Marchall,Rawson,50262 Carioca Hill
616,0,NULL,NULL,NULL
617,1,Nesta,Hawkeswood,7 Caliangt Plaza
618,1,Ninette,Dericot,816 Fairview Park
619,1,Cass,Waterman,1386 Heath Avenue
620,0,NULL,NULL,NULL
621,1,Marys,Priestner,02 School Avenue
622,1,Hewett,Murfin,4420 Badeau Park
623,1,Nariko,Davidescu,4295 Stang Hill
624,0,NULL,NULL,NULL
625,1,Denny,Fanstone,46 Kings Plaza
626,1,Jeffry,Sanches,7 Talisman Pass
627,1,Ruddie,Chetham,5918 Forest Dale Avenue
628,1,Beverlie,Bishop,7563 Mosinee Road
629,1,Imelda,Owthwaite,063 Spohn Terrace
630,1,Ursula,Wenderott,203 High Crossing Terrace
631,1,Josselyn,Clemow,00161 Welch Lane
632,1,Gertrud,Burbank,35119 Myrtle Alley
633,0,NULL,NULL,NULL
634,1,Maudie,Nicholl,3353 Karstens Way
635,1,Johnna,Tull,1963 Delaware Drive
636,1,Karisa,Derington,42171 Blue Bill Park Way
637,0,NULL,NULL,NULL
638,1,Greta,Ipgrave,55919 Green Ridge Center
639,0,NULL,NULL,NULL
640,0,NULL,NULL,NULL
641,1,Zulema,Lismore,28 Maryland Drive
642,1,Franklyn,Wilfing,81 Stang Court
643,0,NULL,NULL,NULL
644,1,Verney,Hedgeley,86808 Manufacturers Trail
645,1,Walden,Southerill,891 Atwood Parkway
646,0,NULL,NULL,NULL
647,1,Daisie,Watford,0097 Glendale Junction
648,1,Jeffie,Esilmon,74922 Lawn Road
649,1,Kirbee,Perott,3 Clarendon Way
650,1,Vanni,Steuart,3 Cascade Court
651,0,NULL,NULL,NULL
652,0,NULL,NULL,NULL
653,1,Karoly,Malacrida,242 High Crossing Point
654,0,NULL,NULL,NULL
655,1,Aila,Powis,4 8th Center
656,1,Rebeka,Cardon,3 Garrison Avenue
657,1,Tommy,Fawlkes,79 Dwight Junction
658,1,Kassia,Shimmans,18 Bluestem Circle
659,1,Dave,Davion,5 Crest Line Plaza
660,0,NULL,NULL,NULL
661,1,Hilary,Ferenczi,67 Drewry Junction
662,1,Clayborne,Becconsall,78933 Hazelcrest Trail
663,0,NULL,NULL,NULL
664,1,Dora,Sustins,42 Holmberg Circle
665,1,Yank,Penas,367 Cardinal Avenue
666,1,Tracy,Tulleth,57 Lunder Alley
667,1,Raine,Roubeix,640 Rusk Lane
668,1,Dilan,Whitmarsh,59610 Oak Valley Center
669,1,Darin,Petkovic,59 Morning Court
670,0,NULL,NULL,NULL
671,1,Alayne,Miko,598 Scoville Way
672,0,NULL,NULL,NULL
673,0,NULL,NULL,NULL
674,1,Jamaal,Shepland,02 Forest Dale Alley
675,0,NULL,NULL,NULL
676,1,Otes,Cain,44 Jenifer Parkway
677,1,Robinet,Radmer,7345 Graceland Circle
678,1,Nestor,Backhouse,2 Emmet Parkway
679,1,Rosalinde,Conrart,4 Dorton Center
680,1,Shir,Wreford,5 Bultman Point
681,1,Afton,De Mattei,90 Badeau Road
682,0,NULL,NULL,NULL
683,1,Niccolo,Burgett,55140 Fallview Court
684,0,NULL,NULL,NULL
685,0,NULL,NULL,NULL
686,1,Ignazio,Cestard,2 Delaware Avenue
687,1,Ulrikaumeko,Fanton,34 Center Plaza
688,1,Noel,Chese,361 Dorton Street
689,1,Dall,Barlas,8539 Fuller Junction
690,1,Bernice,Corpes,0 Carpenter Lane
691,1,Lilian,Fluck,2 Doe Crossing Park
692,1,Eziechiele,Brokenshaw,88 Hoffman Lane
693,1,Vincents,Guyer,7020 Calypso Avenue
694,0,NULL,NULL,NULL
695,1,Cordelie,Alwen,7495 David Terrace
696,1,Ruperto,Gianilli,0547 Ludington Junction
697,1,Minor,Bushill,7691 Kingsford Trail
698,1,Tobie,Gareisr,715 Golden Leaf Crossing
699,1,Cary,Tamblyn,9 Tony Court
700,1,Heddie,O'Neal,4 Novick Circle
701,1,Ciro,Thompson,95749 7th Drive
702,1,Ellary,Sollime,9 Monica Center
703,1,Luce,Firsby,81 Onsgard Plaza
704,1,Eda,Tabrett,64 Vahlen Way
705,1,Paulita,Beardsworth,354 Fulton Trail
706,1,Dieter,Doerling,6885 Graceland Junction
707,1,Sibby,MacDuff,09521 Maywood Terrace
708,1,Cam,Branwhite,57 Stone Corner Trail
709,0,NULL,NULL,NULL
710,1,Lovell,Slingsby,98 Nobel Avenue
711,1,Shelley,De Vuyst,6458 La Follette Point
712,1,Humfrey,Jochanany,5156 Myrtle Crossing
713,0,NULL,NULL,NULL
714,1,Bertha,Wakeman,7582 Sherman Court
715,1,Damara,O'Loughnan,802 Cherokee Hill
716,1,Jess,Pleavin,8948 Moulton Avenue
717,1,Sarita,D'Aulby,333 Becker Point
718,1,Milton,Batthew,92 Manufacturers Way
719,1,Ros,Plevin,0905 Milwaukee Point
720,1,Gibb,Volleth,123 Reinke Avenue
721,0,NULL,NULL,NULL
722,0,NULL,NULL,NULL
723,1,Daryn,Poschel,41 Elmside Plaza
724,1,Fidelia,Dureden,6 Talmadge Circle
725,0,NULL,NULL,NULL
726,1,Sascha,Gethyn,1676 Pepper Wood Terrace
727,1,Bertine,Deering,600 Spohn Lane
728,1,Graeme,Dinsale,5 Autumn Leaf Point
729,0,NULL,NULL,NULL
730,1,Priscella,Dowdle,7 Kipling Court
731,1,Darrelle,Carlens,3 Westridge Park
732,0,NULL,NULL,NULL
733,0,NULL,NULL,NULL
734,0,NULL,NULL,NULL
735,1,Kattie,Enstone,88768 Charing Cross Road
736,1,Iorgo,Clace,5 Johnson Terrace
737,1,Zonnya,Ciciari,527 Division Pass
738,1,Anallise,Eisak,7 Surrey Crossing
739,1,Yasmin,Handford,3 Armistice Plaza
740,1,Dee dee,Melsom,85261 Carioca Point
741,1,Angy,Tewkesberrie,495 Forest Run Street
742,1,Correna,Jefferies,003 Bultman Parkway
743,1,Boony,Mourge,926 Bunting Junction
744,1,Vito,Santino,5 Everett Pass
745,0,NULL,NULL,NULL
746,1,Cleveland,Schindler,35 Esch Crossing
747,1,Wenona,Coonan,6 Lerdahl Center
748,1,Colan,Lawther,67 Amoth Way
749,1,Giacomo,Wrankling,13168 Tomscot Circle
750,0,NULL,NULL,NULL
751,1,Abigael,Baxstar,3754 Bobwhite Pass
752,0,NULL,NULL,NULL
753,1,Fonzie,Calderon,7924 Myrtle Center
754,1,Lane,Tummasutti,5 Del Sol Point
755,1,Sheena,Souttar,70 Forster Alley
756,1,Aggie,Worsfield,09 Sauthoff Plaza
757,1,Kathe,Robb,89272 Ilene Center
758,0,NULL,NULL,NULL
759,1,Gayle,Cassley,94 Raven Park
760,0,NULL,NULL,NULL
761,0,NULL,NULL,NULL
762,1,Vite,Clappson,6748 Schiller Park
763,1,Tudor,Augar,58 Nova Junction
764,1,Rozanne,Carlens,8 Quincy Parkway
765,1,Kiah,Haensel,20 Talisman Plaza
766,1,Ximenez,Bransgrove,24 Spaight Center
767,0,NULL,NULL,NULL
768,0,NULL,NULL,NULL
769,1,Toddy,Klausewitz,0450 Troy Crossing
770,1,Kaylil,Bothams,0948 Blue Bill Park Alley
771,0,NULL,NULL,NULL
772,1,Brendis,Ramme,2428 Carey Plaza
773,1,Meade,Caulcott,1892 Express Hill
774,1,Dar,McCoole,52 Alpine Crossing
775,1,Meridith,Maliphant,0716 Colorado Road
776,1,Borg,Eyree,1242 Nelson Park
777,1,Anet,Larcher,7855 Brickson Park Court
778,0,NULL,NULL,NULL
779,1,Kara,Paynter,94338 Hoard Alley
780,1,Turner,Bogies,1857 Dunning Road
781,1,Micaela,Dayment,937 8th Plaza
782,0,NULL,NULL,NULL
783,0,NULL,NULL,NULL
784,0,NULL,NULL,NULL
785,1,Pattin,Shewon,762 Hanson Point
786,1,Amory,Goseling,8105 Banding Lane
787,1,Keir,Lobbe,652 Portage Plaza
788,0,NULL,NULL,NULL
789,1,Claude,Jakobssen,682 Gulseth Crossing
790,0,NULL,NULL,NULL
791,1,Talia,Terrazzo,20 Comanche Place
792,1,Paolo,Chstney,51710 Charing Cross Terrace
793,0,NULL,NULL,NULL
794,1,Melissa,Morshead,2797 Dixon Plaza
795,0,NULL,NULL,NULL
796,1,Ardisj,Norcliffe,0239 Elka Pass
797,1,Darnall,Sloam,61 Alpine Point
798,1,Everett,Wildash,7653 Westend Avenue
799,1,Christoph,McMyler,8574 Marquette Drive
800,0,NULL,NULL,NULL
801,1,Amity,Gregorio,6 Oak Valley Point
802,1,Garvy,Tremain,1 Sloan Terrace
803,1,Lolly,Fudger,2 8th Street
804,0,NULL,NULL,NULL
805,1,Galven,McFeat,248 Hintze Trail
806,1,Noble,Whieldon,1 Bunting Circle
807,1,Hope,Lightowler,80778 Holy Cross Terrace
808,1,Glen,Aberchirder,092 Hoepker Street
809,1,Arlyn,Tomashov,0377 Glacier Hill Place
810,1,Juliann,Atherton,58632 Sherman Avenue
811,1,Fanni,Hebner,23 Dawn Street
812,1,Noami,Birchall,050 Memorial Drive
813,1,Phillie,Downse,051 Buhler Avenue
814,1,Dillie,Kupisz,7 Garrison Court
815,0,NULL,NULL,NULL
816,1,Mikol,Hyman,2022 Division Alley
817,0,NULL,NULL,NULL
818,0,NULL,NULL,NULL
819,1,Averill,Mosdell,1626 Harper Drive
820,1,Judas,Gilcrist,0 Oak Valley Terrace
821,1,Shelia,Milley,1025 Annamark Point
822,1,Marlane,Risdale,148 Kedzie Point
823,1,Ronnie,Hildred,3 Sugar Alley
824,0,NULL,NULL,NULL
825,0,NULL,NULL,NULL
826,1,Annalee,Wallwork,49 Monument Junction
827,1,Eustace,Unitt,946 Old Shore Road
828,0,NULL,NULL,NULL
829,0,NULL,NULL,NULL
830,0,NULL,NULL,NULL
831,1,Renato,Abbess,76876 Vidon Place
832,0,NULL,NULL,NULL
833,1,Peterus,Willison,61689 Londonderry Crossing
834,0,NULL,NULL,NULL
835,1,Shane,Krier,8 Blackbird Crossing
836,1,Clevey,Gunda,3973 Manufacturers Junction
837,1,Valida,Lorenzo,504 Paget Crossing
838,1,Stephani,Labdon,3900 Elmside Crossing
839,1,Bailey,Hammell,24 Chinook Avenue
840,1,Ronna,Juliff,832 Dennis Avenue
841,0,NULL,NULL,NULL
842,0,NULL,NULL,NULL
843,1,Zechariah,Gomar,5 Jay Hill
844,0,NULL,NULL,NULL
845,1,Leisha,Kinkead,328 Grim Court
846,1,Sallee,Cowterd,17656 Hazelcrest Crossing
847,0,NULL,NULL,NULL
848,1,Hartwell,Giacovelli,71 Meadow Ridge Way
849,0,NULL,NULL,NULL
850,1,Gertrudis,Alenov,91389 Surrey Park
851,1,Rhea,Elvin,09319 Farwell Park
852,0,NULL,NULL,NULL
853,1,Aimee,Renehan,3 Menomonie Pass
854,1,Loretta,Tassell,53503 Grover Drive
855,0,NULL,NULL,NULL
856,1,Moselle,Peirone,2708 Karstens Alley
857,1,Kirsti,Aynsley,84061 Mallard Lane
858,1,Cristian,Maingot,2 Bartillon Circle
859,1,Ricky,Davoren,8350 Utah Place
860,1,Shawn,Borthe,36268 Jenna Trail
861,0,NULL,NULL,NULL
862,1,Lisabeth,Myford,2901 Logan Point
863,1,Win,Cattonnet,946 Bartillon Street
864,1,Duke,Dalglish,9 Thompson Court
865,0,NULL,NULL,NULL
866,0,NULL,NULL,NULL
867,0,NULL,NULL,NULL
868,0,NULL,NULL,NULL
869,1,Iris,Cansdill,240 Blaine Court
870,0,NULL,NULL,NULL
871,0,NULL,NULL,NULL
872,1,Glynn,Verralls,17747 Knutson Hill
873,0,NULL,NULL,NULL
874,1,Janey,Altofts,4 Atwood Terrace
875,1,Ardenia,Glewe,735 Moose Junction
876,1,Fernando,Wavish,23 Eggendart Crossing
877,0,NULL,NULL,NULL
878,1,Debbi,Fronks,2 Warbler Court
879,1,Dilan,Callister,69943 Lakewood Gardens Crossing
880,1,Emmy,Wormald,091 Washington Park
881,1,Elna,Jardin,752 Brown Pass
882,1,Janifer,Patley,4 Elka Street
883,0,NULL,NULL,NULL
884,0,NULL,NULL,NULL
885,0,NULL,NULL,NULL
886,0,NULL,NULL,NULL
887,0,NULL,NULL,NULL
888,0,NULL,NULL,NULL
889,1,Bebe,Fylan,17 Memorial Hill
890,1,Samaria,Rolston,5874 Burning Wood Park
891,1,Burnard,Kinsett,716 Oakridge Way
892,1,Alisun,Dyka,088 Prairieview Street
893,1,Jorie,Alliban,015 Coolidge Street
894,1,Rowland,Caldaro,456 Pepper Wood Crossing
895,1,Oliver,Mayer,99 American Junction
896,1,Reed,Appleby,5 David Lane
897,1,Amabelle,Rugg,04 Hermina Center
898,0,NULL,NULL,NULL
899,1,Hamil,Allom,86 Dovetail Center
900,0,NULL,NULL,NULL
901,0,NULL,NULL,NULL
902,0,NULL,NULL,NULL
903,1,Kimmie,Kalinsky,91844 Iowa Junction
904,1,Stephie,Kleingrub,999 Dwight Drive
905,0,NULL,NULL,NULL
906,1,Sibbie,Bilbrook,73 5th Place
907,1,Lyman,Coursor,216 Commercial Trail
908,1,Candide,Shelf,67 Artisan Crossing
909,0,NULL,NULL,NULL
910,1,Benedick,Yegorkin,538 Del Sol Plaza
911,1,Jay,Cressor,3382 East Place
912,1,Avictor,Entwhistle,9 Bartelt Pass
913,1,Guy,Saby,32026 Coleman Park
914,1,Mattie,Dudeney,35645 Ramsey Parkway
915,1,Carroll,Purchall,780 Butterfield Street
916,1,Kendre,Curedell,1 Maple Wood Lane
917,1,Lisa,Chaperling,9 Union Trail
918,1,Thia,Meuse,2 High Crossing Avenue
919,1,Sandra,Pietrzyk,94 Paget Avenue
920,0,NULL,NULL,NULL
921,0,NULL,NULL,NULL
922,0,NULL,NULL,NULL
923,0,NULL,NULL,NULL
924,1,Sheff,Teggart,38 Bellgrove Alley
925,1,Pet,Simnor,6384 Logan Trail
926,1,Ivar,Allicock,4 Waywood Drive
927,1,Jeri,Lippitt,202 Homewood Avenue
928,1,Dion,Worsfold,7 Reindahl Pass
929,1,Cyrus,Fricker,6881 Thierer Terrace
930,1,Gretal,Havelin,4030 Waubesa Junction
931,1,Eddi,Gleed,4 Talmadge Lane
932,0,NULL,NULL,NULL
933,1,Tiffie,Scawen,4 Tomscot Way
934,1,Michaeline,Pickance,758 Fairview Parkway
935,1,Myrta,Jurek,2470 Moose Terrace
936,1,Payton,Kiebes,74 Merrick Drive
937,1,Lucille,Musgrove,42246 David Center
938,0,NULL,NULL,NULL
939,1,Georges,Carnegie,16 Dryden Street
940,1,Cal,Derle,899 Tomscot Alley
941,1,Robbert,Eagland,43 Atwood Junction
942,1,Aldrich,Gail,78453 Grayhawk Terrace
943,1,Aurthur,Pepperill,990 Riverside Drive
944,0,NULL,NULL,NULL
945,1,Grethel,Hause,64 Reindahl Plaza
946,1,Estrellita,Gligori,4 Lunder Road
947,1,Gisele,Chimienti,6 Ilene Circle
948,1,Inness,La Wille,8584 Northland Road
949,1,Verne,Castaneda,053 Columbus Way
950,1,Desmund,MacKeague,0033 Washington Hill
951,0,NULL,NULL,NULL
952,1,Binky,Spoor,5 Grasskamp Junction
953,1,Libbey,Ibbett,67597 Starling Point
954,1,Terencio,Jones,36 Chive Center
955,1,Basilio,Stephens,302 Springview Park
956,0,NULL,NULL,NULL
957,1,Emanuele,Oddboy,328 Laurel Point
958,0,NULL,NULL,NULL
959,1,Merridie,Dumper,4795 Northview Street
960,1,Tony,Chisholme,5203 Merrick Parkway
961,0,NULL,NULL,NULL
962,1,Julee,Adamczyk,068 Pennsylvania Lane
963,1,Rorke,Scurrell,73216 Moulton Pass
964,0,NULL,NULL,NULL
965,0,NULL,NULL,NULL
966,1,Lorine,Bladder,93189 Hovde Crossing
967,1,Beulah,Buntain,58106 Express Plaza
968,1,Christen,Stockport,930 Northview Avenue
969,1,Lesley,Busher,317 Golf View Crossing
970,1,Catha,Fevier,990 Ramsey Place
971,1,Laurella,Cashen,449 Bayside Court
972,1,Amil,Dunnico,73 Scofield Road
973,1,Eberto,MacAllister,58 Knutson Pass
974,1,Cassie,Watsam,3 Kensington Street
975,1,Ettore,Gilby,48899 Meadow Ridge Terrace
976,1,Rorie,Gaunson,3 Gale Crossing
977,1,Rhea,Parr,22 Quincy Way
978,1,Cull,Yashunin,0167 Maple Wood Hill
979,1,Winston,Walsh,73398 Canary Park
980,0,NULL,NULL,NULL
981,0,NULL,NULL,NULL
982,1,Gerek,Hallworth,82245 Summer Ridge Point
983,1,Edd,Leathes,15262 Dryden Parkway
984,1,Gannon,Espinoy,433 Colorado Alley
985,0,NULL,NULL,NULL
986,0,NULL,NULL,NULL
987,1,Elden,Croysdale,52 Thierer Court
988,1,Christophe,Kingzet,55089 Debra Place
989,1,Claus,Loffel,1 Haas Alley
990,1,Edythe,Gosse,3 Westend Street
991,1,Maximilian,Creus,26546 Esker Terrace
992,0,NULL,NULL,NULL
993,1,Marieann,Onslow,009 Fallview Point
994,1,Ellyn,Le land,80 Cherokee Street
995,0,NULL,NULL,NULL
996,1,Charyl,Naylor,10490 Gulseth Terrace
997,1,Horatius,Eicheler,1377 Vernon Road
998,1,Adele,Heinzel,7 Oxford Circle
999,0,NULL,NULL,NULL
1000,1,Wernher,Pawelczyk,44283 Towne Avenue
