id,birthdate,SSN,citizenshipStatus,countryOfBirth,alienNumber
1,2008-08-11,481088473,Yes,United States,NULL
2,1997-02-08,107475772,Yes,United States,NULL
3,1955-09-28,699664185,Yes,United States,NULL
4,1958-07-08,367201783,Yes,United States,NULL
5,1962-09-20,127110033,Yes,United States,NULL
6,2009-02-16,693619154,Yes,United States,NULL
7,1995-11-09,189737407,Yes,United States,NULL
8,1973-08-25,066807711,Yes,United States,NULL
9,1984-07-19,320092110,Yes,United States,NULL
10,1970-09-28,468149778,Yes,United States,NULL
11,1976-03-18,888140897,Yes,United States,NULL
12,2005-01-14,228834073,Yes,United States,NULL
13,1954-03-04,160090704,Yes,United States,NULL
14,1964-10-11,678298405,Yes,Finland,NULL
15,1973-02-16,549297703,Yes,United States,NULL
16,1974-01-14,106011465,Yes,Morocco,NULL
17,1960-08-08,192896525,Yes,United States,NULL
18,1951-05-26,958057010,Yes,United States,NULL
19,1986-04-22,912371282,Yes,United States,NULL
20,1946-05-11,401367757,Yes,Cyprus,NULL
21,1976-06-16,853351204,Yes,United States,NULL
22,1948-11-28,716155222,Yes,United States,NULL
23,1994-02-04,101313204,Yes,United States,NULL
24,1966-07-21,257302573,Yes,United States,NULL
25,1985-10-25,764367570,Yes,United States,NULL
26,1954-02-20,698837384,Yes,United States,NULL
27,1992-05-11,718105488,Yes,United States,NULL
28,1967-04-17,411356575,Yes,United States,NULL
29,1948-07-22,471320144,Yes,United States,NULL
30,1973-08-26,731523416,Yes,United States,NULL
31,1987-04-07,719394311,Yes,United States,NULL
32,2002-03-15,689826966,Yes,United States,NULL
33,1994-09-16,284875342,Yes,United States,NULL
34,1950-09-27,942488295,Yes,United States,NULL
35,1992-02-23,068915069,Yes,United States,NULL
36,1978-03-25,743135000,Yes,United States,NULL
37,1945-11-14,785981852,Yes,United States,NULL
38,1947-02-03,645308908,Yes,United States,NULL
39,1964-10-14,161301619,Yes,United States,NULL
40,2000-12-21,637617216,Yes,United States,NULL
41,1956-09-05,819230712,Yes,United States,NULL
42,1986-07-19,254337479,Yes,United States,NULL
43,1955-05-07,734944012,Yes,United States,NULL
44,1947-12-26,917377302,Yes,United States,NULL
45,1987-05-13,098008875,Yes,United States,NULL
46,1956-02-04,900092610,Yes,United States,NULL
47,1944-09-13,247511525,Yes,United States,NULL
48,1950-03-20,224769127,Yes,United States,NULL
49,1976-05-01,729614854,Yes,United States,NULL
50,1973-08-14,697914073,Yes,United States,NULL
51,1965-03-01,837761791,Yes,United States,NULL
52,1997-06-16,859578444,Yes,United States,NULL
53,1976-05-25,844545067,Yes,United States,NULL
54,1953-09-23,264648663,Yes,United States,NULL
55,1945-03-18,140847002,Yes,United States,NULL
56,1999-10-12,451859779,Yes,United States,NULL
57,1993-09-02,929682787,Yes,United States,NULL
58,2001-09-04,017459913,Yes,United States,NULL
59,1992-10-22,848177583,Yes,United States,NULL
60,1981-09-13,636072824,Yes,United States,NULL
61,1973-10-03,124240332,Yes,United States,NULL
62,1979-10-09,354448436,Yes,Philippines,NULL
63,1984-09-24,NULL,Undocumented,Chile,726382471
64,1956-05-07,188341046,Yes,United States,NULL
65,1948-10-14,488752830,Yes,United States,NULL
66,1952-11-20,486519703,Yes,United States,NULL
67,2010-01-15,115137442,Yes,United States,NULL
68,1963-05-09,026643130,Yes,United States,NULL
69,1990-08-07,052200324,Yes,United States,NULL
70,1975-08-07,857080684,Yes,United States,NULL
71,2002-11-13,690288471,Yes,United States,NULL
72,1989-02-25,397856994,Yes,United States,NULL
73,1973-09-28,021032481,Yes,United States,NULL
74,1974-08-01,123250392,Yes,United States,NULL
75,1997-03-02,529703976,Yes,Sweden,NULL
76,1999-07-03,593485849,Yes,United States,NULL
77,1949-01-26,725770961,Yes,United States,NULL
78,1991-11-16,281848889,Yes,China,NULL
79,1959-06-02,827376107,Yes,United States,NULL
80,1967-05-06,524725466,Yes,United States,NULL
81,1999-08-23,716397417,Yes,United States,NULL
82,1964-07-23,709499941,Yes,United States,NULL
83,2003-02-18,511476208,Yes,United States,NULL
84,1965-08-07,845332703,Yes,United States,NULL
85,1988-04-24,627636012,Yes,United States,NULL
86,2008-03-30,772694791,Yes,United States,NULL
87,1995-07-03,565716311,Yes,United States,NULL
88,1964-11-26,474159247,Yes,United States,NULL
89,1940-10-06,122045312,Yes,United States,NULL
90,1967-08-03,606684528,Yes,United States,NULL
91,1970-08-19,769904955,Yes,United States,NULL
92,1980-04-11,286397217,Yes,United States,NULL
93,1954-09-27,204446503,Yes,United States,NULL
94,1994-07-08,176632440,Yes,United States,NULL
95,1973-06-05,836869872,Yes,United States,NULL
96,2003-08-11,215761962,Yes,United States,NULL
97,1946-05-25,493953101,Yes,United States,NULL
98,1996-11-22,410394426,Yes,United States,NULL
99,1965-12-06,147963254,Yes,United States,NULL
100,1957-12-12,276881771,Yes,United States,NULL
101,1989-02-11,986459548,Yes,United States,NULL
102,1987-11-18,525719051,Yes,United States,NULL
103,2009-05-19,219795298,Yes,United States,NULL
104,1977-02-01,504427652,Yes,United States,NULL
105,2008-07-29,246849301,Yes,United States,NULL
106,1967-06-17,487426860,Yes,United States,NULL
107,1979-07-24,521563084,Yes,United States,NULL
108,1980-10-10,872256474,Yes,United States,NULL
109,1965-12-27,779222202,Yes,United States,NULL
110,1983-02-12,865769112,Yes,United States,NULL
111,1987-07-10,264218016,Yes,United States,NULL
112,1961-06-03,274866387,Yes,United States,NULL
113,1981-09-12,531752774,Yes,United States,NULL
114,2005-05-31,212420090,Yes,United States,NULL
115,2000-01-14,NULL,Undocumented,United States,771901890
116,2004-05-23,484772595,Yes,United States,NULL
117,1991-04-12,354875780,Yes,United States,NULL
118,1944-09-10,893059743,Yes,United States,NULL
119,2007-02-23,019337785,Yes,United States,NULL
120,1968-10-31,146269822,Yes,United States,NULL
121,1995-03-01,540524514,Yes,United States,NULL
122,1987-03-09,021542713,Yes,United States,NULL
123,1973-05-18,625257650,Yes,United States,NULL
124,1978-03-08,557545452,Yes,United States,NULL
125,1989-09-07,775855470,Yes,United States,NULL
126,1996-11-14,275755070,Yes,United States,NULL
127,1951-08-18,673415188,Yes,United States,NULL
128,1950-01-13,209313528,Yes,United States,NULL
129,1990-05-15,689196062,Yes,United States,NULL
130,1951-02-08,468211652,Yes,United States,NULL
131,2001-05-18,324678093,Yes,United States,NULL
132,1960-09-20,886726421,Yes,United States,NULL
133,2009-10-30,787381689,Yes,United States,NULL
134,1952-09-23,977373521,Yes,United States,NULL
135,1973-01-19,294065626,Yes,United States,NULL
136,1967-06-07,531202047,Yes,United States,NULL
137,1965-01-11,760448906,Yes,United States,NULL
138,1962-09-02,125555575,Yes,United States,NULL
139,1968-10-23,885386660,Yes,United States,NULL
140,1987-12-20,911746462,Yes,United States,NULL
141,2001-11-25,157755187,Yes,United States,NULL
142,1969-05-12,672853890,Yes,United States,NULL
143,1947-10-07,572200989,Yes,United States,NULL
144,1996-12-05,618322661,Yes,United States,NULL
145,1985-07-10,340342542,Yes,United States,NULL
146,1986-11-30,311000809,Yes,United States,NULL
147,1996-06-24,097591270,Yes,United States,NULL
148,1992-02-22,514877234,Yes,United States,NULL
149,1996-10-25,034490289,Yes,United States,NULL
150,1997-01-21,036520760,Yes,United States,NULL
151,1987-01-12,323423304,Yes,United States,NULL
152,1953-11-17,861595417,Yes,United States,NULL
153,1993-11-01,258814713,Yes,United States,NULL
154,1961-04-26,061406829,Yes,United States,NULL
155,2006-09-11,592214077,Yes,United States,NULL
156,1961-08-09,886969857,Yes,United States,NULL
157,1974-09-16,217919748,Yes,United States,NULL
158,1958-02-24,825927208,Yes,United States,NULL
159,1975-04-20,449390549,Yes,United States,NULL
160,1945-01-06,836193186,Yes,United States,NULL
161,1977-08-09,971033227,Yes,United States,NULL
162,2000-05-04,692311823,Yes,United States,NULL
163,1991-11-20,215153374,Yes,United States,NULL
164,1965-04-18,120333858,Yes,United States,NULL
165,1956-09-04,208850090,Yes,United States,NULL
166,1996-11-15,155026620,Yes,United States,NULL
167,1980-10-11,629134697,Yes,United States,NULL
168,1952-09-11,222313284,Yes,United States,NULL
169,1957-04-19,258302741,Yes,United States,NULL
170,1986-01-19,882349054,Yes,United States,NULL
171,1985-10-08,385713907,Yes,United States,NULL
172,2000-07-31,946180874,Yes,United States,NULL
173,1996-09-12,167012290,Yes,United States,NULL
174,1960-06-25,597582875,Yes,United States,NULL
175,1998-11-06,738792527,Yes,United States,NULL
176,1940-05-01,218330268,Yes,United States,NULL
177,1953-09-30,513982311,Yes,United States,NULL
178,1999-05-25,206866884,Yes,United States,NULL
179,1959-08-11,123317817,Yes,United States,NULL
180,1997-11-18,193278261,Yes,United States,NULL
181,1965-09-14,208927933,Yes,United States,NULL
182,1952-09-03,048924781,Yes,United States,NULL
183,2008-05-31,891999793,Yes,United States,NULL
184,1957-10-14,308169323,Yes,United States,NULL
185,2009-04-16,811777585,Yes,United States,NULL
186,1983-12-04,274156797,Yes,United States,NULL
187,2009-07-17,200476463,Yes,United States,NULL
188,1992-09-19,441171256,Yes,United States,NULL
189,1985-05-22,604768676,Yes,United States,NULL
190,2001-09-24,293192106,Yes,United States,NULL
191,1981-12-10,396572001,Yes,United States,NULL
192,1967-04-13,115755375,Yes,United States,NULL
193,1967-05-26,544145931,Yes,United States,NULL
194,1946-05-20,272126667,Yes,United States,NULL
195,2000-07-31,NULL,Legal Resident,Colombia,NULL
196,1997-07-04,715152139,Yes,United States,NULL
197,2005-08-23,281609640,Yes,United States,NULL
198,1982-07-03,736149818,Yes,United States,NULL
199,1991-12-11,708275791,Yes,United States,NULL
200,1952-06-01,135840138,Yes,United States,NULL
201,1956-06-04,219349665,Yes,United States,NULL
202,1996-09-18,824782553,Yes,United States,NULL
203,1970-07-13,863349327,Yes,United States,NULL
204,2005-05-19,464655866,Yes,United States,NULL
205,1983-01-16,849057465,Yes,United States,NULL
206,1971-07-18,602532115,Yes,United States,NULL
207,1974-12-21,758628866,Yes,China,NULL
208,1961-05-30,254591960,Yes,United States,NULL
209,1948-08-11,569142767,Yes,United States,NULL
210,2007-04-23,092225048,Yes,United States,NULL
211,1975-01-28,202361035,Yes,United States,NULL
212,1979-09-10,833821206,Yes,United States,NULL
213,1981-07-02,481043953,Yes,United States,NULL
214,1976-11-26,574328086,Yes,United States,NULL
215,1982-03-06,136184422,Yes,United States,NULL
216,1974-05-01,588221538,Yes,United States,NULL
217,1974-05-06,862816617,Yes,United States,NULL
218,1971-09-10,675652562,Yes,United States,NULL
219,1962-10-17,516759817,Yes,United States,NULL
220,1964-12-13,397866994,Yes,United States,NULL
221,1998-10-01,234925375,Yes,United States,NULL
222,1998-08-19,924699156,Yes,United States,NULL
223,1951-01-29,840068470,Yes,United States,NULL
224,1962-07-18,930992444,Yes,Poland,NULL
225,1976-07-18,556747421,Yes,United States,NULL
226,1957-08-08,017512158,Yes,United States,NULL
227,1950-05-05,679598069,Yes,United States,NULL
228,1949-11-03,150424904,Yes,United States,NULL
229,1960-03-26,305730833,Yes,United States,NULL
230,1948-08-27,376260496,Yes,United States,NULL
231,2001-03-31,481834143,Yes,Pakistan,NULL
232,2009-04-26,550529440,Yes,United States,NULL
233,1945-06-28,150465775,Yes,United States,NULL
234,1983-02-04,405861231,Yes,United States,NULL
235,1998-08-01,176659474,Yes,United States,NULL
236,1978-02-23,366646138,Yes,United States,NULL
237,1962-11-05,642100975,Yes,United States,NULL
238,2005-05-20,259061876,Yes,United States,NULL
239,1976-04-03,657311960,Yes,United States,NULL
240,1959-07-18,333880396,Yes,United States,NULL
241,1969-07-30,444945467,Yes,United States,NULL
242,1948-10-29,931085475,Yes,United States,NULL
243,2008-02-05,341771433,Yes,China,NULL
244,1940-06-21,974332869,Yes,United States,NULL
245,1971-04-01,316486069,Yes,United States,NULL
246,1966-11-27,609501500,Yes,United States,NULL
247,2008-05-02,407515131,Yes,United States,NULL
248,1949-12-26,804679408,Yes,United States,NULL
249,1978-09-16,337701021,Yes,United States,NULL
250,1983-08-29,294602589,Yes,United States,NULL
251,1998-06-26,039463833,Yes,United States,NULL
252,2006-03-01,118744179,Yes,United States,NULL
253,2009-06-09,221625647,Yes,United States,NULL
254,1995-09-18,855263091,Yes,United States,NULL
255,2009-01-09,088218389,Yes,United States,NULL
256,1947-11-26,420454717,Yes,United States,NULL
257,1978-03-17,280838282,Yes,United States,NULL
258,1963-12-28,373739431,Yes,United States,NULL
259,1966-11-21,290912906,Yes,United States,NULL
260,1947-06-11,249659734,Yes,United States,NULL
261,1993-04-24,397872576,Yes,United States,NULL
262,2002-10-03,178730448,Yes,United States,NULL
263,1979-10-08,242640364,Yes,United States,NULL
264,1967-06-26,018168297,Yes,United States,NULL
265,1990-03-29,816722721,Yes,United States,NULL
266,2000-11-08,644340307,Yes,United States,NULL
267,1999-01-09,952049830,Yes,United States,NULL
268,1997-05-02,269435676,Yes,United States,NULL
269,1981-05-18,187134695,Yes,United States,NULL
270,1961-05-29,017719876,Yes,United States,NULL
271,1963-05-04,060944657,Yes,United States,NULL
272,2007-07-14,664310897,Yes,United States,NULL
273,1961-09-09,761088149,Yes,United States,NULL
274,1968-10-11,NULL,Undocumented,Sweden,107541033
275,1997-08-21,916182887,Yes,United States,NULL
276,1972-07-16,154036483,Yes,United States,NULL
277,1955-10-09,001821064,Yes,United States,NULL
278,1970-08-07,424306401,Yes,United States,NULL
279,1975-09-08,249185769,Yes,United States,NULL
280,1942-03-31,110824314,Yes,United States,NULL
281,1950-11-28,503713040,Yes,United States,NULL
282,1999-05-16,103953709,Yes,United States,NULL
283,1976-05-17,499972899,Yes,United States,NULL
284,1971-03-22,506128568,Yes,Brazil,NULL
285,2002-03-12,887034718,Yes,United States,NULL
286,1958-01-12,806793538,Yes,United States,NULL
287,1949-03-01,666205732,Yes,United States,NULL
288,1959-05-31,506768209,Yes,United States,NULL
289,1983-10-11,600081802,Yes,United States,NULL
290,1995-07-24,343045242,Yes,United States,NULL
291,1962-10-12,753699481,Yes,United States,NULL
292,2000-03-03,666362812,Yes,United States,NULL
293,2000-11-03,282934792,Yes,United States,NULL
294,1965-11-17,034851776,Yes,United States,NULL
295,1948-12-29,946548909,Yes,United States,NULL
296,1994-04-01,807504056,Yes,United States,NULL
297,2006-07-17,135418554,Yes,United States,NULL
298,1978-06-21,474049147,Yes,United States,NULL
299,2004-07-12,323638685,Yes,United States,NULL
300,1969-12-18,998606267,Yes,United States,NULL
301,1954-08-30,842384156,Yes,United States,NULL
302,1986-08-29,583022282,Yes,United States,NULL
303,1950-10-06,261149495,Yes,United States,NULL
304,1940-08-16,073674262,Yes,United States,NULL
305,2002-06-06,716296025,Yes,United States,NULL
306,1974-06-10,410960664,Yes,United States,NULL
307,1974-03-04,831805966,Yes,United States,NULL
308,1954-05-17,908225645,Yes,United States,NULL
309,1988-01-07,175134422,Yes,United States,NULL
310,1964-07-18,123630696,Yes,United States,NULL
311,2001-03-18,787756636,Yes,United States,NULL
312,1961-06-11,205225602,Yes,United States,NULL
313,1942-02-28,984562646,Yes,United States,NULL
314,1990-12-09,822246959,Yes,United States,NULL
315,1985-05-20,049478517,Yes,United States,NULL
316,1977-08-11,301614769,Yes,United States,NULL
317,1958-06-20,343785660,Yes,United States,NULL
318,2009-05-14,774837036,Yes,United States,NULL
319,1945-01-23,221756759,Yes,United States,NULL
320,1940-10-31,717525008,Yes,United States,NULL
321,1982-08-18,507628109,Yes,United States,NULL
322,1954-01-16,915284959,Yes,United States,NULL
323,2002-04-07,095724678,Yes,United States,NULL
324,1968-11-07,900597905,Yes,United States,NULL
325,1952-10-22,623066509,Yes,United States,NULL
326,2000-01-19,791646260,Yes,United States,NULL
327,1975-04-17,262747348,Yes,United States,NULL
328,1960-06-13,396634625,Yes,United States,NULL
329,1959-02-26,210670682,Yes,United States,NULL
330,1972-08-15,758459745,Yes,United States,NULL
331,1986-12-25,238718158,Yes,United States,NULL
332,1983-12-17,462282592,Yes,United States,NULL
333,1994-09-30,NULL,Legal Resident,Canada,NULL
334,1980-05-09,790889543,Yes,United States,NULL
335,1942-01-22,851299052,Yes,United States,NULL
336,1968-04-02,511147486,Yes,United States,NULL
337,2007-11-10,301526311,Yes,United States,NULL
338,1948-10-22,151872521,Yes,United States,NULL
339,2009-09-10,098000511,Yes,United States,NULL
340,1987-07-19,345862258,Yes,United States,NULL
341,1969-12-15,742177237,Yes,United States,NULL
342,2003-05-26,975836976,Yes,United States,NULL
343,1965-11-06,406192961,Yes,United States,NULL
344,1979-05-18,203126946,Yes,United States,NULL
345,1996-12-13,737693035,Yes,United States,NULL
346,2007-08-16,749328662,Yes,United States,NULL
347,1978-11-14,384349549,Yes,United States,NULL
348,1945-12-12,974067925,Yes,United States,NULL
349,2009-12-11,574395900,Yes,United States,NULL
350,1968-02-08,498465462,Yes,United States,NULL
351,1943-01-29,387549426,Yes,United States,NULL
352,1953-07-28,033010882,Yes,United States,NULL
353,1989-09-28,758725495,Yes,United States,NULL
354,1944-09-04,045837608,Yes,United States,NULL
355,2002-09-10,959233911,Yes,United States,NULL
356,1994-12-04,161265164,Yes,United States,NULL
357,1961-04-18,532126244,Yes,United States,NULL
358,1987-08-08,722299560,Yes,United States,NULL
359,2006-07-28,094299741,Yes,United States,NULL
360,1961-08-09,964778722,Yes,United States,NULL
361,1956-04-06,301626383,Yes,United States,NULL
362,1967-04-27,057732168,Yes,United States,NULL
363,2008-10-12,492778896,Yes,United States,NULL
364,1987-04-09,185890591,Yes,United States,NULL
365,1971-09-21,504946635,Yes,United States,NULL
366,1947-05-24,100173283,Yes,United States,NULL
367,1981-09-30,523562151,Yes,United States,NULL
368,2009-08-25,878993698,Yes,United States,NULL
369,1972-11-08,109878173,Yes,United States,NULL
370,1956-07-25,948425360,Yes,United States,NULL
371,1978-08-02,820908057,Yes,United States,NULL
372,1941-01-15,634800855,Yes,United States,NULL
373,1955-01-12,533036395,Yes,United States,NULL
374,1969-06-13,401265100,Yes,United States,NULL
375,1956-07-11,135487705,Yes,United States,NULL
376,1944-06-28,348574395,Yes,United States,NULL
377,2002-10-21,104497976,Yes,United States,NULL
378,1950-06-09,957897776,Yes,United States,NULL
379,1953-08-19,156022002,Yes,United States,NULL
380,1954-05-13,023685393,Yes,United States,NULL
381,1946-10-26,440996335,Yes,United States,NULL
382,1998-11-18,799264660,Yes,United States,NULL
383,1942-10-02,477076762,Yes,United States,NULL
384,1996-02-08,031369633,Yes,United States,NULL
385,1967-02-06,406022923,Yes,United States,NULL
386,1960-05-07,NULL,Legal Resident,China,NULL
387,1954-11-06,369808524,Yes,United States,NULL
388,1946-04-02,653757242,Yes,United States,NULL
389,1971-10-17,337027304,Yes,Portugal,NULL
390,1972-10-06,220686398,Yes,United States,NULL
391,2006-11-19,066704302,Yes,United States,NULL
392,1949-03-15,597684550,Yes,United States,NULL
393,1996-12-19,670469366,Yes,United States,NULL
394,1940-08-07,716201519,Yes,United States,NULL
395,1948-02-25,784979975,Yes,France,NULL
396,1983-09-28,011222959,Yes,United States,NULL
397,1977-07-09,285606765,Yes,United States,NULL
398,1945-12-03,667413572,Yes,United States,NULL
399,1987-02-25,469613326,Yes,United States,NULL
400,1946-11-28,559101116,Yes,United States,NULL
401,1987-06-27,752972173,Yes,United States,NULL
402,1972-10-26,749034654,Yes,United States,NULL
403,1958-09-13,206874374,Yes,United States,NULL
404,1984-12-08,237103192,Yes,United States,NULL
405,1975-10-29,632516559,Yes,United States,NULL
406,1978-07-18,286278707,Yes,United States,NULL
407,1964-01-19,230974446,Yes,United States,NULL
408,1940-12-22,152081576,Yes,United States,NULL
409,1973-08-01,993321833,Yes,United States,NULL
410,1990-12-19,539666283,Yes,United States,NULL
411,1961-08-03,513015640,Yes,United States,NULL
412,1945-09-25,485891801,Yes,United States,NULL
413,1970-04-06,048138398,Yes,United States,NULL
414,2005-01-14,036928466,Yes,United States,NULL
415,1981-04-16,909543713,Yes,United States,NULL
416,1973-03-19,704176714,Yes,United States,NULL
417,1940-08-23,595334998,Yes,United States,NULL
418,1992-10-19,975562440,Yes,United States,NULL
419,2002-04-17,325594616,Yes,United States,NULL
420,1990-09-02,386871057,Yes,United States,NULL
421,1959-01-22,735484659,Yes,United States,NULL
422,1981-10-04,088835554,Yes,United States,NULL
423,2006-06-02,718483819,Yes,United States,NULL
424,1988-08-25,212040089,Yes,United States,NULL
425,1997-12-28,625468632,Yes,United States,NULL
426,1956-08-29,622658145,Yes,United States,NULL
427,1963-07-26,429310330,Yes,United States,NULL
428,1950-05-29,134090279,Yes,United States,NULL
429,1989-06-01,671038986,Yes,United States,NULL
430,1960-04-30,692223419,Yes,United States,NULL
431,1973-02-03,412458988,Yes,United States,NULL
432,1970-08-26,500909660,Yes,United States,NULL
433,1993-02-01,610490362,Yes,United States,NULL
434,2003-05-31,848677930,Yes,United States,NULL
435,1979-05-30,867370227,Yes,United States,NULL
436,1998-12-01,536856177,Yes,United States,NULL
437,1970-08-03,524371872,Yes,United States,NULL
438,1963-02-01,183817384,Yes,United States,NULL
439,1985-07-16,891987236,Yes,United States,NULL
440,1959-02-10,851660202,Yes,United States,NULL
441,1959-07-29,514655102,Yes,United States,NULL
442,1944-10-11,805743209,Yes,United States,NULL
443,1992-11-12,189370687,Yes,United States,NULL
444,1972-10-24,760645901,Yes,United States,NULL
445,1969-02-18,687485387,Yes,China,NULL
446,1995-01-25,459884333,Yes,United States,NULL
447,2008-12-30,620321324,Yes,United States,NULL
448,1946-05-19,944072276,Yes,United States,NULL
449,1971-11-16,482812993,Yes,United States,NULL
450,2006-03-05,529623954,Yes,United States,NULL
451,2006-10-10,512896474,Yes,United States,NULL
452,1961-06-16,NULL,Undocumented,Argentina,710750032
453,2006-02-05,454554178,Yes,United States,NULL
454,1990-10-25,161594773,Yes,United States,NULL
455,1995-06-02,782463668,Yes,United States,NULL
456,1978-08-25,391343357,Yes,United States,NULL
457,1995-02-23,533256976,Yes,United States,NULL
458,1996-11-01,901575964,Yes,United States,NULL
459,1967-11-19,969203562,Yes,United States,NULL
460,1950-12-13,814599482,Yes,United States,NULL
461,1996-12-20,439141836,Yes,United States,NULL
462,2002-04-15,740554799,Yes,United States,NULL
463,1946-09-28,NULL,Legal Resident,Botswana,NULL
464,1999-10-22,827771511,Yes,United States,NULL
465,1982-09-22,858623980,Yes,United States,NULL
466,1985-07-04,309129604,Yes,United States,NULL
467,2007-03-16,583732885,Yes,United States,NULL
468,1993-09-17,401753197,Yes,United States,NULL
469,1972-10-20,718108200,Yes,United States,NULL
470,1994-03-05,715271592,Yes,United States,NULL
471,2004-06-08,102979136,Yes,United States,NULL
472,1967-03-27,753784018,Yes,United States,NULL
473,2006-01-28,931758574,Yes,United States,NULL
474,1999-11-21,081403949,Yes,United States,NULL
475,2000-05-02,900537114,Yes,United States,NULL
476,1990-01-17,858980042,Yes,United States,NULL
477,1989-01-31,098924498,Yes,United States,NULL
478,1947-03-28,723866256,Yes,United States,NULL
479,1997-01-02,265921883,Yes,United States,NULL
480,1991-06-30,566899734,Yes,United States,NULL
481,1985-01-02,034117335,Yes,United States,NULL
482,1983-02-21,932902053,Yes,United States,NULL
483,1991-07-14,939930739,Yes,United States,NULL
484,1995-11-24,439097017,Yes,United States,NULL
485,1972-01-28,055676163,Yes,United States,NULL
486,1980-08-09,652230108,Yes,United States,NULL
487,1981-12-11,319916197,Yes,United States,NULL
488,1962-03-03,645755582,Yes,United States,NULL
489,1977-05-23,591827091,Yes,United States,NULL
490,1974-03-30,874092626,Yes,United States,NULL
491,1991-02-24,969019747,Yes,United States,NULL
492,1982-02-06,920478312,Yes,United States,NULL
493,1950-03-02,652856906,Yes,United States,NULL
494,1980-12-16,857634576,Yes,United States,NULL
495,1965-11-19,878259476,Yes,United States,NULL
496,2008-07-19,188758124,Yes,United States,NULL
497,1985-08-15,110233604,Yes,United States,NULL
498,1991-06-26,018098144,Yes,United States,NULL
499,1981-04-23,008569907,Yes,United States,NULL
500,1978-04-24,471900264,Yes,United States,NULL
501,1997-03-30,866472631,Yes,United States,NULL
502,2007-11-09,235599178,Yes,United States,NULL
503,1953-10-12,920961377,Yes,United States,NULL
504,1947-11-18,218301598,Yes,United States,NULL
505,2009-11-20,584761680,Yes,United States,NULL
506,2001-02-05,721482781,Yes,United States,NULL
507,1972-03-19,920996547,Yes,United States,NULL
508,1948-02-25,420543667,Yes,United States,NULL
509,1953-04-15,053364914,Yes,United States,NULL
510,1971-10-17,198091984,Yes,United States,NULL
511,1957-01-21,837408021,Yes,United States,NULL
512,1971-10-16,549319078,Yes,United States,NULL
513,1942-06-11,132008971,Yes,United States,NULL
514,1949-10-12,979914608,Yes,United States,NULL
515,1962-01-17,834638671,Yes,United States,NULL
516,1959-09-30,397394380,Yes,United States,NULL
517,1940-03-14,599661141,Yes,United States,NULL
518,1968-01-05,488529494,Yes,United States,NULL
519,1942-06-24,459810143,Yes,United States,NULL
520,2006-02-11,526842275,Yes,United States,NULL
521,1966-05-13,543876528,Yes,United States,NULL
522,2004-04-06,689776856,Yes,United States,NULL
523,1945-08-02,826713136,Yes,United States,NULL
524,2009-03-29,837276057,Yes,United States,NULL
525,1992-01-31,790173774,Yes,United States,NULL
526,1997-11-04,760035922,Yes,United States,NULL
527,1961-08-09,055102878,Yes,United States,NULL
528,1991-10-25,059814138,Yes,United States,NULL
529,1961-06-04,288730384,Yes,United States,NULL
530,1965-08-23,118742762,Yes,United States,NULL
531,1995-08-06,503374447,Yes,United States,NULL
532,1976-03-23,523209265,Yes,United States,NULL
533,1995-10-16,774620764,Yes,United States,NULL
534,1995-03-04,473765866,Yes,United States,NULL
535,2002-10-06,389207795,Yes,United States,NULL
536,1944-10-30,908663950,Yes,United States,NULL
537,1997-10-09,316054835,Yes,United States,NULL
538,1945-12-14,507366285,Yes,United States,NULL
539,1990-07-27,541421070,Yes,United States,NULL
540,1952-09-19,098338844,Yes,United States,NULL
541,1994-12-20,474470789,Yes,United States,NULL
542,1979-03-17,262089597,Yes,United States,NULL
543,1941-04-19,675970533,Yes,United States,NULL
544,1989-03-20,815998422,Yes,United States,NULL
545,1960-02-01,798544055,Yes,United States,NULL
546,1994-05-06,655734418,Yes,United States,NULL
547,1947-05-22,188153842,Yes,United States,NULL
548,1969-09-05,312413366,Yes,United States,NULL
549,1989-01-31,535658461,Yes,United States,NULL
550,2005-03-13,370553344,Yes,United States,NULL
551,1980-01-08,632790537,Yes,United States,NULL
552,1969-05-02,046130892,Yes,United States,NULL
553,1989-03-23,309971012,Yes,United States,NULL
554,1954-01-03,695382362,Yes,United States,NULL
555,1979-10-15,091563355,Yes,United States,NULL
556,1962-12-16,361230518,Yes,United States,NULL
557,1967-07-10,466029124,Yes,United States,NULL
558,1968-12-06,904465541,Yes,United States,NULL
559,2008-12-05,914876777,Yes,United States,NULL
560,2007-06-28,032347297,Yes,United States,NULL
561,2000-06-17,384358419,Yes,United States,NULL
562,1953-12-09,415001726,Yes,United States,NULL
563,1949-03-07,670101866,Yes,United States,NULL
564,1944-09-08,014367528,Yes,United States,NULL
565,1968-08-07,391032811,Yes,United States,NULL
566,1978-02-26,130056763,Yes,United States,NULL
567,1975-03-11,072949082,Yes,United States,NULL
568,1976-09-07,754099947,Yes,United States,NULL
569,1975-03-16,252883165,Yes,United States,NULL
570,1974-04-11,374210074,Yes,United States,NULL
571,1995-02-24,780011613,Yes,United States,NULL
572,1961-03-26,534546219,Yes,United States,NULL
573,1965-02-14,309301014,Yes,United States,NULL
574,1979-07-31,509452201,Yes,United States,NULL
575,1984-08-24,594849244,Yes,United States,NULL
576,1987-08-25,318772546,Yes,United States,NULL
577,1981-04-24,457124002,Yes,United States,NULL
578,2007-01-31,703439685,Yes,United States,NULL
579,1990-01-18,NULL,Legal Resident,Ecuador,NULL
580,2001-03-21,483397777,Yes,United States,NULL
581,1947-04-07,975122059,Yes,United States,NULL
582,1962-07-26,712691171,Yes,United States,NULL
583,1950-02-02,688923696,Yes,United States,NULL
584,1950-05-04,920047501,Yes,United States,NULL
585,1967-08-10,362869375,Yes,United States,NULL
586,1995-08-03,888030452,Yes,United States,NULL
587,2001-03-01,107405761,Yes,United States,NULL
588,1964-06-29,562641716,Yes,United States,NULL
589,1956-04-16,119799715,Yes,United States,NULL
590,1968-07-17,264520358,Yes,United States,NULL
591,1979-10-09,697332952,Yes,United States,NULL
592,1996-11-25,849570700,Yes,United States,NULL
593,1972-09-27,152586318,Yes,United States,NULL
594,1965-09-14,868750790,Yes,United States,NULL
595,1970-09-20,411557844,Yes,United States,NULL
596,1975-01-24,977143373,Yes,United States,NULL
597,1968-05-13,548558262,Yes,United States,NULL
598,1995-12-24,291520267,Yes,United States,NULL
599,1950-07-06,709998298,Yes,United States,NULL
600,1975-04-22,434296914,Yes,United States,NULL
601,2005-03-25,004538872,Yes,United States,NULL
602,1970-03-24,029856992,Yes,United States,NULL
603,1948-09-20,007165513,Yes,United States,NULL
604,1996-06-27,890223427,Yes,United States,NULL
605,1941-05-08,057801452,Yes,United States,NULL
606,1992-03-26,675982521,Yes,United States,NULL
607,1980-11-22,937723977,Yes,United States,NULL
608,1950-08-24,616586172,Yes,United States,NULL
609,1976-06-12,176142687,Yes,United States,NULL
610,1949-12-30,463270017,Yes,United States,NULL
611,1959-06-17,506163364,Yes,United States,NULL
612,1990-02-06,534049941,Yes,United States,NULL
613,2003-05-11,363628952,Yes,United States,NULL
614,1971-08-17,890268380,Yes,United States,NULL
615,2008-09-21,400446712,Yes,United States,NULL
616,1979-01-25,650629574,Yes,United States,NULL
617,1956-09-28,711357810,Yes,United States,NULL
618,1942-11-10,021421170,Yes,United States,NULL
619,1983-04-09,274659050,Yes,United States,NULL
620,1990-12-11,670181805,Yes,United States,NULL
621,1967-01-17,139381216,Yes,United States,NULL
622,1965-05-27,310153346,Yes,United States,NULL
623,1964-10-06,758541448,Yes,United States,NULL
624,1944-07-01,893113005,Yes,United States,NULL
625,1979-11-17,845389954,Yes,United States,NULL
626,1955-05-21,038069097,Yes,United States,NULL
627,1966-09-08,662333536,Yes,United States,NULL
628,1964-07-20,117565089,Yes,United States,NULL
629,1958-07-23,413853218,Yes,United States,NULL
630,1971-02-12,281859506,Yes,United States,NULL
631,1992-08-27,NULL,Undocumented,Philippines,943652743
632,1977-07-26,579228377,Yes,United States,NULL
633,1995-05-18,427722318,Yes,United States,NULL
634,1974-01-27,295533307,Yes,United States,NULL
635,1955-04-01,269448538,Yes,United States,NULL
636,1984-07-20,482202261,Yes,United States,NULL
637,1944-07-19,742997194,Yes,United States,NULL
638,1955-09-26,268140346,Yes,United States,NULL
639,2003-10-29,140039382,Yes,United States,NULL
640,1948-07-13,344427842,Yes,United States,NULL
641,2002-09-02,228334909,Yes,United States,NULL
642,2005-10-01,131097370,Yes,United States,NULL
643,1970-10-06,199119969,Yes,United States,NULL
644,1999-10-17,640300662,Yes,United States,NULL
645,1983-11-07,438580320,Yes,United States,NULL
646,1997-08-11,502744407,Yes,United States,NULL
647,2008-11-03,570581481,Yes,United States,NULL
648,2005-08-28,449936765,Yes,United States,NULL
649,1996-07-12,948656430,Yes,United States,NULL
650,1963-03-13,229960402,Yes,United States,NULL
651,1949-08-14,342376226,Yes,United States,NULL
652,1959-06-26,191681254,Yes,United States,NULL
653,1946-12-29,547707679,Yes,United States,NULL
654,2000-10-08,889057428,Yes,United States,NULL
655,1950-07-31,399678471,Yes,United States,NULL
656,1979-08-29,NULL,Undocumented,Ukraine,425061802
657,1951-07-03,946348322,Yes,United States,NULL
658,1941-05-27,107885252,Yes,United States,NULL
659,1972-09-28,418729619,Yes,United States,NULL
660,1974-02-19,715558704,Yes,United States,NULL
661,1942-08-29,257797601,Yes,United States,NULL
662,1985-02-11,976568493,Yes,United States,NULL
663,1985-05-21,883185364,Yes,United States,NULL
664,1986-01-29,085551364,Yes,United States,NULL
665,1943-09-13,698326172,Yes,United States,NULL
666,1944-03-08,196142215,Yes,United States,NULL
667,1963-01-12,027952853,Yes,United States,NULL
668,1971-05-22,692734070,Yes,United States,NULL
669,1963-02-16,632866748,Yes,United States,NULL
670,1989-10-10,964671618,Yes,United States,NULL
671,1990-05-02,784683877,Yes,United States,NULL
672,1962-11-21,201927729,Yes,Philippines,NULL
673,1995-10-10,776371539,Yes,United States,NULL
674,1984-09-22,257015973,Yes,United States,NULL
675,1991-07-14,475324828,Yes,United States,NULL
676,1974-02-17,097076563,Yes,United States,NULL
677,2001-01-02,688131449,Yes,United States,NULL
678,1963-08-03,558391009,Yes,United States,NULL
679,1976-08-12,260563906,Yes,United States,NULL
680,1964-06-16,107642779,Yes,Indonesia,NULL
681,1958-04-05,927060659,Yes,United States,NULL
682,1977-04-02,451397460,Yes,United States,NULL
683,1977-10-26,575409460,Yes,United States,NULL
684,2009-06-25,445795862,Yes,United States,NULL
685,2008-09-05,843650222,Yes,United States,NULL
686,1991-09-30,542082878,Yes,United States,NULL
687,1955-02-28,087035288,Yes,United States,NULL
688,1957-07-30,390303271,Yes,United States,NULL
689,1985-05-13,843557306,Yes,United States,NULL
690,1949-09-28,024483058,Yes,United States,NULL
691,1955-07-24,061408648,Yes,United States,NULL
692,1997-07-15,327583091,Yes,United States,NULL
693,2008-11-28,461541703,Yes,United States,NULL
694,1981-03-06,062675586,Yes,United States,NULL
695,1958-10-27,716946913,Yes,United States,NULL
696,1956-12-22,036061712,Yes,United States,NULL
697,1943-05-31,780774170,Yes,China,NULL
698,2008-07-18,309979683,Yes,United States,NULL
699,1989-07-02,826341871,Yes,United States,NULL
700,2006-03-30,768708043,Yes,United States,NULL
701,1992-07-31,425350639,Yes,United States,NULL
702,1954-09-07,793307901,Yes,United States,NULL
703,1977-02-01,096425129,Yes,United States,NULL
704,1960-10-02,255494968,Yes,United States,NULL
705,1982-08-16,723913188,Yes,United States,NULL
706,1947-05-04,347651609,Yes,United States,NULL
707,1944-03-10,972860975,Yes,United States,NULL
708,1959-11-09,560928149,Yes,United States,NULL
709,1961-10-01,522891269,Yes,United States,NULL
710,1979-08-25,888049635,Yes,United States,NULL
711,1968-07-22,756752267,Yes,United States,NULL
712,1956-05-20,069122713,Yes,United States,NULL
713,1955-09-27,621373022,Yes,United States,NULL
714,2005-11-22,737682033,Yes,United States,NULL
715,1971-06-22,780406388,Yes,United States,NULL
716,1958-09-23,204987748,Yes,United States,NULL
717,1974-10-18,399668262,Yes,United States,NULL
718,1980-12-05,700140849,Yes,United States,NULL
719,1977-07-13,865378694,Yes,United States,NULL
720,1956-08-01,662662743,Yes,United States,NULL
721,2003-03-31,693243623,Yes,United States,NULL
722,1988-04-07,495715806,Yes,United States,NULL
723,1980-11-18,264218817,Yes,United States,NULL
724,2004-07-23,260924002,Yes,United States,NULL
725,1996-10-02,550783681,Yes,United States,NULL
726,1949-10-18,283719473,Yes,United States,NULL
727,1993-04-04,908497885,Yes,United States,NULL
728,2000-07-18,725606744,Yes,United States,NULL
729,1950-03-20,958907706,Yes,United States,NULL
730,1972-12-10,929083145,Yes,United States,NULL
731,1976-06-28,234165284,Yes,United States,NULL
732,1981-09-20,793952572,Yes,United States,NULL
733,1942-02-26,432510876,Yes,United States,NULL
734,1946-08-05,396397784,Yes,United States,NULL
735,1961-11-26,632247812,Yes,United States,NULL
736,1965-02-14,216580034,Yes,United States,NULL
737,1987-08-04,134705925,Yes,United States,NULL
738,1940-05-01,959324371,Yes,United States,NULL
739,1977-09-30,646135900,Yes,China,NULL
740,1985-06-25,966029859,Yes,United States,NULL
741,1999-10-08,260059000,Yes,United States,NULL
742,1950-11-07,797384750,Yes,China,NULL
743,1950-10-13,963449131,Yes,United States,NULL
744,2005-12-24,047852501,Yes,United States,NULL
745,1992-02-23,680169403,Yes,United States,NULL
746,1990-08-21,928370820,Yes,United States,NULL
747,2002-06-19,320756858,Yes,United States,NULL
748,1973-10-18,552538430,Yes,United States,NULL
749,1991-12-12,629676264,Yes,United States,NULL
750,1966-02-27,886560537,Yes,United States,NULL
751,2000-05-28,191676115,Yes,United States,NULL
752,2003-03-18,287490467,Yes,United States,NULL
753,1996-06-08,525644625,Yes,United States,NULL
754,1967-06-17,887472113,Yes,United States,NULL
755,1941-10-09,120017600,Yes,United States,NULL
756,1991-03-31,934205655,Yes,United States,NULL
757,1957-08-23,600974720,Yes,Poland,NULL
758,1941-10-11,147084199,Yes,United States,NULL
759,2008-11-15,951513878,Yes,United States,NULL
760,1961-10-20,297823691,Yes,United States,NULL
761,1984-05-22,705478406,Yes,United States,NULL
762,1985-03-30,581319590,Yes,United States,NULL
763,1946-12-11,731525475,Yes,United States,NULL
764,1986-01-02,526005057,Yes,United States,NULL
765,1962-06-18,616940835,Yes,United States,NULL
766,1950-10-04,905994612,Yes,United States,NULL
767,1975-05-10,347691640,Yes,United States,NULL
768,1946-02-15,117816527,Yes,United States,NULL
769,1995-10-01,839340043,Yes,United States,NULL
770,1948-12-02,737760069,Yes,United States,NULL
771,1978-09-30,321734316,Yes,United States,NULL
772,1977-07-15,668451867,Yes,United States,NULL
773,1962-06-23,681248032,Yes,United States,NULL
774,1978-02-21,432924805,Yes,United States,NULL
775,1940-08-07,639878387,Yes,United States,NULL
776,1965-11-15,440922133,Yes,United States,NULL
777,1966-01-02,210042765,Yes,United States,NULL
778,1953-07-28,752464619,Yes,United States,NULL
779,1969-02-20,473539301,Yes,United States,NULL
780,1988-05-12,663369666,Yes,United States,NULL
781,1972-06-19,927574849,Yes,United States,NULL
782,1997-02-20,178832886,Yes,United States,NULL
783,1988-07-08,564840457,Yes,United States,NULL
784,2003-09-20,588461741,Yes,United States,NULL
785,1992-06-17,574644505,Yes,United States,NULL
786,1988-03-05,625862506,Yes,United States,NULL
787,1998-04-09,030711717,Yes,United States,NULL
788,1966-01-24,556421180,Yes,United States,NULL
789,1962-09-21,279626187,Yes,United States,NULL
790,1994-12-09,368253570,Yes,United States,NULL
791,1999-05-03,288427879,Yes,United States,NULL
792,1972-12-16,229480458,Yes,United States,NULL
793,1996-07-06,787373444,Yes,United States,NULL
794,1988-12-26,955972600,Yes,United States,NULL
795,1981-03-23,743592255,Yes,United States,NULL
796,1996-06-21,356170648,Yes,United States,NULL
797,1980-11-28,779317287,Yes,United States,NULL
798,1988-05-14,432624516,Yes,United States,NULL
799,1965-04-08,413218555,Yes,United States,NULL
800,1984-08-20,368775837,Yes,United States,NULL
801,2007-04-01,068920965,Yes,United States,NULL
802,2006-11-15,572258188,Yes,United States,NULL
803,1968-12-05,354837869,Yes,United States,NULL
804,1976-08-31,157924781,Yes,United States,NULL
805,1984-02-22,919100314,Yes,United States,NULL
806,1961-06-01,270568886,Yes,United States,NULL
807,1973-02-28,189372403,Yes,United States,NULL
808,1984-12-14,171250220,Yes,United States,NULL
809,1950-03-14,888709341,Yes,United States,NULL
810,1984-01-27,906093688,Yes,United States,NULL
811,1988-05-31,539544913,Yes,United States,NULL
812,2004-01-15,810494949,Yes,United States,NULL
813,1961-07-16,221181495,Yes,United States,NULL
814,1997-04-22,707532684,Yes,United States,NULL
815,1975-06-08,528032168,Yes,United States,NULL
816,1950-01-10,503372338,Yes,United States,NULL
817,1987-05-09,415234886,Yes,United States,NULL
818,1944-08-09,472755849,Yes,United States,NULL
819,2000-02-10,696263989,Yes,United States,NULL
820,1950-05-17,941241056,Yes,United States,NULL
821,1952-06-24,388229551,Yes,United States,NULL
822,1980-06-11,988554671,Yes,United States,NULL
823,1983-06-12,726588008,Yes,United States,NULL
824,2005-07-30,920907550,Yes,United States,NULL
825,1949-05-06,143942291,Yes,United States,NULL
826,2002-03-31,880191142,Yes,United States,NULL
827,1967-03-05,448355304,Yes,United States,NULL
828,1960-08-20,933330052,Yes,United States,NULL
829,1958-08-02,270439103,Yes,United States,NULL
830,1952-03-08,304861999,Yes,United States,NULL
831,1972-08-27,848743384,Yes,United States,NULL
832,1995-12-21,772492949,Yes,United States,NULL
833,1993-03-24,975703803,Yes,United States,NULL
834,1989-06-13,708112198,Yes,United States,NULL
835,1940-01-03,441091939,Yes,United States,NULL
836,1940-03-23,097619012,Yes,United States,NULL
837,1948-05-13,991758138,Yes,United States,NULL
838,1992-02-20,NULL,Legal Resident,China,NULL
839,1946-01-22,415578399,Yes,United States,NULL
840,1996-12-09,320334319,Yes,United States,NULL
841,1959-06-30,074782934,Yes,United States,NULL
842,1945-02-13,328055588,Yes,United States,NULL
843,1961-11-05,579068150,Yes,United States,NULL
844,1975-09-24,886271320,Yes,United States,NULL
845,1997-03-14,474190138,Yes,United States,NULL
846,1984-09-16,174044095,Yes,United States,NULL
847,1954-06-25,433101096,Yes,United States,NULL
848,1955-02-24,169084699,Yes,United States,NULL
849,1964-03-31,518541456,Yes,United States,NULL
850,1980-12-29,167597950,Yes,United States,NULL
851,1962-02-28,685991646,Yes,United States,NULL
852,1950-04-22,704460811,Yes,United States,NULL
853,1983-04-02,074961450,Yes,United States,NULL
854,1956-12-04,231510008,Yes,United States,NULL
855,1986-02-07,073772038,Yes,United States,NULL
856,1991-08-07,067256693,Yes,United States,NULL
857,1970-08-10,539784054,Yes,United States,NULL
858,1974-09-23,519771779,Yes,United States,NULL
859,1976-02-27,468618867,Yes,United States,NULL
860,2009-10-10,613740619,Yes,United States,NULL
861,1980-01-16,131799522,Yes,United States,NULL
862,1995-10-15,779321888,Yes,United States,NULL
863,2009-10-01,344666149,Yes,United States,NULL
864,1956-09-02,234034176,Yes,United States,NULL
865,2002-08-04,179567836,Yes,United States,NULL
866,1948-01-16,732237266,Yes,United States,NULL
867,1987-10-17,752813621,Yes,United States,NULL
868,1950-02-05,778828312,Yes,United States,NULL
869,1990-03-03,759575407,Yes,United States,NULL
870,1980-08-20,341939085,Yes,United States,NULL
871,2004-08-31,920290940,Yes,United States,NULL
872,1999-08-08,714420200,Yes,United States,NULL
873,1959-03-20,998359931,Yes,United States,NULL
874,1967-01-26,397351729,Yes,United States,NULL
875,1987-05-01,430324592,Yes,United States,NULL
876,2002-09-03,495901509,Yes,United States,NULL
877,1956-09-29,929140300,Yes,United States,NULL
878,1979-07-25,071452952,Yes,United States,NULL
879,1981-09-07,892864092,Yes,United States,NULL
880,1959-09-23,570519822,Yes,China,NULL
881,2004-12-22,954071231,Yes,United States,NULL
882,1964-08-18,302473311,Yes,United States,NULL
883,1962-11-12,284630620,Yes,United States,NULL
884,1952-09-19,341367775,Yes,United States,NULL
885,1994-02-24,569807020,Yes,United States,NULL
886,1989-08-25,056302216,Yes,United States,NULL
887,1997-07-02,265962129,Yes,United States,NULL
888,1994-04-04,450257619,Yes,United States,NULL
889,1959-06-01,399640855,Yes,United States,NULL
890,1968-11-02,636836353,Yes,United States,NULL
891,1940-05-23,282441173,Yes,United States,NULL
892,1946-11-11,532339035,Yes,United States,NULL
893,1986-04-20,990465269,Yes,United States,NULL
894,1942-02-18,745494134,Yes,United States,NULL
895,2006-05-22,495935290,Yes,United States,NULL
896,1996-10-08,493543884,Yes,United States,NULL
897,1998-08-24,645723879,Yes,United States,NULL
898,1983-09-20,357940871,Yes,United States,NULL
899,1995-10-18,621386650,Yes,United States,NULL
900,1992-03-30,874635901,Yes,United States,NULL
901,1940-04-23,927977426,Yes,United States,NULL
902,1984-03-27,NULL,Legal Resident,France,NULL
903,1994-11-02,582781010,Yes,United States,NULL
904,1999-10-02,NULL,Legal Resident,Madagascar,NULL
905,1977-09-21,168003334,Yes,United States,NULL
906,1976-09-30,650693405,Yes,United States,NULL
907,1996-07-17,552565421,Yes,United States,NULL
908,1958-06-21,858570105,Yes,United States,NULL
909,1996-02-12,331807511,Yes,United States,NULL
910,1984-07-29,709441440,Yes,United States,NULL
911,1977-06-24,047958417,Yes,United States,NULL
912,1980-05-13,723859623,Yes,United States,NULL
913,1993-12-09,679664676,Yes,United States,NULL
914,1944-10-03,977191084,Yes,United States,NULL
915,1964-12-01,843267102,Yes,United States,NULL
916,2005-12-19,292045052,Yes,United States,NULL
917,1992-05-03,728853355,Yes,United States,NULL
918,1945-02-26,140478293,Yes,United States,NULL
919,1943-12-10,967727565,Yes,United States,NULL
920,2001-02-11,390825853,Yes,United States,NULL
921,2005-06-04,209191231,Yes,United States,NULL
922,1980-04-08,902485175,Yes,United States,NULL
923,1972-02-02,172954654,Yes,United States,NULL
924,2009-04-07,772930843,Yes,United States,NULL
925,1949-10-20,111444047,Yes,United States,NULL
926,2000-10-04,319595979,Yes,United States,NULL
927,1999-10-24,287431721,Yes,United States,NULL
928,2009-07-16,239393493,Yes,United States,NULL
929,1945-02-18,898947315,Yes,United States,NULL
930,2004-04-11,156162154,Yes,United States,NULL
931,1966-11-22,017033738,Yes,United States,NULL
932,1946-03-26,001440529,Yes,United States,NULL
933,2003-07-27,140679554,Yes,United States,NULL
934,1963-11-04,204990714,Yes,United States,NULL
935,1959-12-16,820459737,Yes,United States,NULL
936,1975-11-06,907807457,Yes,United States,NULL
937,1961-10-20,284773784,Yes,United States,NULL
938,1975-07-06,438353916,Yes,United States,NULL
939,1970-06-08,994091448,Yes,United States,NULL
940,1989-05-23,654897923,Yes,United States,NULL
941,2004-11-29,632068539,Yes,United States,NULL
942,1985-04-28,407144372,Yes,United States,NULL
943,1962-03-27,570176459,Yes,United States,NULL
944,1988-09-17,433030532,Yes,United States,NULL
945,2006-06-21,565697361,Yes,United States,NULL
946,2006-04-25,851158567,Yes,United States,NULL
947,1987-03-06,238130808,Yes,United States,NULL
948,1978-11-14,503110532,Yes,United States,NULL
949,1988-12-10,905583581,Yes,United States,NULL
950,2004-01-04,250959441,Yes,United States,NULL
951,2009-01-03,267635690,Yes,United States,NULL
952,2006-09-03,409737075,Yes,France,NULL
953,1942-04-23,188992820,Yes,United States,NULL
954,1996-05-02,283261623,Yes,United States,NULL
955,1944-02-11,564911431,Yes,United States,NULL
956,1987-10-13,638716911,Yes,United States,NULL
957,1994-11-08,471973405,Yes,United States,NULL
958,1980-05-25,611140303,Yes,United States,NULL
959,1998-04-20,657650466,Yes,United States,NULL
960,1966-05-12,763274612,Yes,United States,NULL
961,1977-08-18,085272521,Yes,United States,NULL
962,1976-11-01,405800563,Yes,United States,NULL
963,2009-01-01,450262240,Yes,United States,NULL
964,1958-10-24,391028497,Yes,United States,NULL
965,2005-01-25,427911735,Yes,United States,NULL
966,1993-01-15,603378856,Yes,United States,NULL
967,1974-04-25,249100818,Yes,United States,NULL
968,1957-05-14,418418266,Yes,United States,NULL
969,1965-06-04,356948221,Yes,United States,NULL
970,1972-05-31,505530474,Yes,United States,NULL
971,1976-12-16,065890200,Yes,United States,NULL
972,1945-01-01,294559956,Yes,United States,NULL
973,1973-05-05,964533793,Yes,United States,NULL
974,1969-12-09,840401163,Yes,United States,NULL
975,1964-04-09,483990918,Yes,United States,NULL
976,1965-09-05,151367012,Yes,United States,NULL
977,1945-07-28,374040180,Yes,United States,NULL
978,1962-06-18,780874816,Yes,United States,NULL
979,2001-10-23,595752630,Yes,United States,NULL
980,1961-10-04,482266950,Yes,United States,NULL
981,1968-02-05,177028364,Yes,United States,NULL
982,1978-09-16,656801613,Yes,United States,NULL
983,1946-10-25,460656583,Yes,United States,NULL
984,1953-11-26,253007838,Yes,United States,NULL
985,2007-06-11,959123748,Yes,United States,NULL
986,1974-09-01,640551056,Yes,United States,NULL
987,2003-01-22,974525076,Yes,United States,NULL
988,1996-11-03,516571929,Yes,United States,NULL
989,1994-05-01,191948534,Yes,United States,NULL
990,1996-01-24,491032433,Yes,United States,NULL
991,1942-05-05,830365799,Yes,United States,NULL
992,1975-05-03,816342403,Yes,United States,NULL
993,1997-02-16,250060385,Yes,United States,NULL
994,1944-09-26,486085601,Yes,United States,NULL
995,1987-09-03,160026905,Yes,United States,NULL
996,1944-01-16,932595361,Yes,United States,NULL
997,1996-01-21,072351048,Yes,United States,NULL
998,1986-10-03,310507704,Yes,United States,NULL
999,1999-08-05,553083342,Yes,United States,NULL
1000,1990-12-31,381192400,Yes,United States,NULL
